名称,住所,電話番号,サービス種別,開所曜日,提供時間,専門職,療育プログラム,個別療育,親支援,設備,費用,説明
ココアスキッズスポーツ西大宮,埼玉県さいたま市西区宮前町665-41 アーバンプラザ宮前町1階,048-871-9695,児童発達支援・放課後デイ,火～土,平日１０：１５～１８：３０ 土曜日１０：１５～１８：３０ 長期学校休業日０９：１５～１７：３０,,,○,,トランポリン、バランスボール、鉄棒、跳び箱,受給者証利用で月額上限4600円（世帯年収890万円未満）/ 37200円（それ以上）,【児童発達支援・放課後デイ】 個別療育あり 【費用】受給者証利用で月額上限4600円(世帯年収890万円未満)/ 37200円(それ以上)
児童デイサービス楽しいわが家,埼玉県さいたま市西区三橋6-20-1,048-871-7441,児童発達支援・放課後デイ,月～土,平日１３:００～１７:００ 土曜・祝日１１:００～１７:００ 学校休業日１１:００～１７:００,,粗大運動、音楽/リトミック、学習支援、日常動作、ダンス／おやつ作り／創作活動,○,,トランポリン、ボールプール、パラバルーン,受給者証利用で月額上限4600円（世帯年収890万円未満）/ 37200円（それ以上）,【児童発達支援・放課後デイ】 療育: 粗大運動、音楽/リトミック、学習支援、日常動作、ダンス/おやつ作り/創作活動 個別療育あり 【費用】受給者証利用で月額上限4600円(世帯年収890万円未満)/ 37200円(それ以上)
放課後デイサービスみのり,埼玉県さいたま市西区三橋6-1587,048-622-5544,放課後デイ,月～金,学校稼働日１５：００～１８：００ 学校休業日１０：００～１８：００,精神保健福祉士○,音楽/リトミック,○,,,受給者証利用で月額上限4600円（世帯年収890万円未満）/ 37200円（それ以上）,【放課後デイ】 療育: 音楽/リトミック 専門職: 精神保健福祉士○ 個別療育あり 【費用】受給者証利用で月額上限4600円(世帯年収890万円未満)/ 37200円(それ以上)
児童デイサービスあやめ,埼玉県さいたま市西区指扇2335-6,048-620-0111,放課後デイ,火～土,平日１１：００～１７：３０ 土曜日１０：００～１６：００ 学校休業日：１０：００～１６：００,,粗大運動、微細運動、言語指導、音楽/リトミック、学習支援、日常動作、SST、ハイキング,○,,,受給者証利用で月額上限4600円（世帯年収890万円未満）/ 37200円（それ以上）,【放課後デイ】 療育: 粗大運動、微細運動、言語指導、音楽/リトミック、学習支援、日常動作、SST、ハイキング 個別療育あり 【費用】受給者証利用で月額上限4600円(世帯年収890万円未満)/ 37200円(それ以上)
放課後等デイサービスピース,埼玉県さいたま市西区指扇領別所261,048-622-2681,放課後デイ,月～土,平日１４：００～１８：００ 土曜日１０：００～１７：００ 学校休業日１０：００～１７：００,,粗大運動、微細運動、学習支援、日常動作、プログラミング／調理活動／農作業,,,,受給者証利用で月額上限4600円（世帯年収890万円未満）/ 37200円（それ以上）,【放課後デイ】 療育: 粗大運動、微細運動、学習支援、日常動作、プログラミング/調理活動/農作業 【費用】受給者証利用で月額上限4600円(世帯年収890万円未満)/ 37200円(それ以上)
ピース２号,埼玉県さいたま市西区指扇領別所281,048-662-9551,児童発達支援・放課後デイ,月～金,平日１０：００～１８：００ 学校休業日１０：００～１７：００,,微細運動、学習支援、日常動作、プログラミング／作業訓練,,,,受給者証利用で月額上限4600円（世帯年収890万円未満）/ 37200円（それ以上）,【児童発達支援・放課後デイ】 療育: 微細運動、学習支援、日常動作、プログラミング/作業訓練 【費用】受給者証利用で月額上限4600円(世帯年収890万円未満)/ 37200円(それ以上)
とっとちゃん,埼玉県さいたま市西区西遊馬2180-1,048-626-1909,児童発達支援・放課後デイ,月～土,９：００～１７：００,,粗大運動、微細運動、言語指導、音楽/リトミック、学習支援、日常動作、SST、ムーブメント／書道／陶芸,○,,バランスボール、トランポリン、ハンモック、平均台,受給者証利用で月額上限4600円（世帯年収890万円未満）/ 37200円（それ以上）,【児童発達支援・放課後デイ】 療育: 粗大運動、微細運動、言語指導、音楽/リトミック、学習支援、日常動作、SST、ムーブメント/書道/陶芸 個別療育あり 【費用】受給者証利用で月額上限4600円(世帯年収890万円未満)/ 37200円(それ以上)
ゆめの園みらいず大宮　児童発達支援・放課後等デイサービス,埼玉県さいたま市西区中野林653-5,048-626-1180,児童発達支援・放課後デイ,児童発達支援 土・日・祝  放課後等デイサービス 月～金、土、日、祝、長期休暇,児童発達支援 １０：００～１６：３０ 放課後等デイサービス 月～金　　１４：３０～１７：３０ 土、日、祝、長期休暇１０：００～１６：３０,,粗大運動、微細運動、音楽/リトミック、SST,,,プレイクッション、エアトランポリン、ミニトランポリン、バランスボール,受給者証利用で月額上限4600円（世帯年収890万円未満）/ 37200円（それ以上）,【児童発達支援・放課後デイ】 療育: 粗大運動、微細運動、音楽/リトミック、SST 【費用】受給者証利用で月額上限4600円(世帯年収890万円未満)/ 37200円(それ以上)
あすぽーと指扇,埼玉県さいたま市西区宝来2224-3 コンフォート都B1F,048-782-8089,放課後デイ,月～土,平日１０：００～１９：００ 土曜日９：００～１８：００ 学校休業日９：００～１８：００,,粗大運動、微細運動、言語指導、音楽/リトミック、学習支援、日常動作、SST、認知トレーニング／アナログゲーム療育／創作活動,○,,,受給者証利用で月額上限4600円（世帯年収890万円未満）/ 37200円（それ以上）,【放課後デイ】 療育: 粗大運動、微細運動、言語指導、音楽/リトミック、学習支援、日常動作、SST、認知トレーニング/アナログゲーム療育/創作活動 個別療育あり 【費用】受給者証利用で月額上限4600円(世帯年収890万円未満)/ 37200円(それ以上)
児童デイあったまぁる吉野,埼玉県さいたま市北区吉野町1-371-2,048-871-6531,放課後デイ,月～金 第2，4土,平日１３：３０～１７：３０ 土曜日１０：００～１６：００ 学校休業日１０：００～１６：００,,粗大運動、微細運動、言語指導、音楽/リトミック、日常動作、SST、ダンス／社会科学習／英語学習,,,,受給者証利用で月額上限4600円（世帯年収890万円未満）/ 37200円（それ以上）,【放課後デイ】 療育: 粗大運動、微細運動、言語指導、音楽/リトミック、日常動作、SST、ダンス/社会科学習/英語学習 【費用】受給者証利用で月額上限4600円(世帯年収890万円未満)/ 37200円(それ以上)
BUTTERFLY　EFFECT,埼玉県さいたま市北区宮原町1-673-3,048-788-4200,児童発達支援・放課後デイ,月～土,児童発達支援（平日１２：００～１５：００、土曜祝日９：００～１１：００) 放課後等デイサービス(平日１５：００～１８：００、土曜祝日１１：００～１５：００),,粗大運動、微細運動、SST,,,,受給者証利用で月額上限4600円（世帯年収890万円未満）/ 37200円（それ以上）,【児童発達支援・放課後デイ】 療育: 粗大運動、微細運動、SST 【費用】受給者証利用で月額上限4600円(世帯年収890万円未満)/ 37200円(それ以上)
いろは児童発達支援事業所,埼玉県さいたま市北区宮原町2-16-19 第二川人ビル2階西,048-779-8297,児童発達支援,月火木金土,全日９：００～１６：００,ST◎,粗大運動、微細運動、言語指導、音楽/リトミック、学習支援、日常動作、SST,○,,,受給者証利用で月額上限4600円（世帯年収890万円未満）/ 37200円（それ以上）,【児童発達支援】 療育: 粗大運動、微細運動、言語指導、音楽/リトミック、学習支援、日常動作、SST 専門職: ST◎ 個別療育あり 【費用】受給者証利用で月額上限4600円(世帯年収890万円未満)/ 37200円(それ以上)
LITALICOジュニアさいたま宮原教室,埼玉県さいたま市北区宮原町2-19-1 加瀬ビル199 4階,048-661-8277,児童発達支援,月～日,日月土・祝日である火水木金９：００～１８：００ 祝日でない火水木金１２：００～１８：００,PT○,粗大運動、微細運動、言語指導、学習支援、日常動作、SST,○,○,バランスボール、平均台、トランポリン、ボールプール、パラバルーン,受給者証利用で月額上限4600円（世帯年収890万円未満）/ 37200円（それ以上）,【児童発達支援】 療育: 粗大運動、微細運動、言語指導、学習支援、日常動作、SST 専門職: PT○ 個別療育あり 親支援あり 【費用】受給者証利用で月額上限4600円(世帯年収890万円未満)/ 37200円(それ以上)
ハビー宮原駅東口教室,埼玉県さいたま市北区宮原町2-22-14 AXIS宮原駅前ビル3階B,048-776-9064,児童発達支援・放課後デイ,水～月,平日(学校終了後)１０：３０～１９：３０ 土日祝(学校休業日)９：００～１８：００,PT◎,粗大運動、微細運動、音楽/リトミック、学習支援、日常動作、SST、創作活動／運動プログラム,○,○,トランポリン、平均台、フラフープ、バランスボール、PC,受給者証利用で月額上限4600円（世帯年収890万円未満）/ 37200円（それ以上）,【児童発達支援・放課後デイ】 療育: 粗大運動、微細運動、音楽/リトミック、学習支援、日常動作、SST、創作活動/運動プログラム 専門職: PT◎ 個別療育あり 親支援あり 【費用】受給者証利用で月額上限4600円(世帯年収890万円未満)/ 37200円(それ以上)
児童デイぽぷら,埼玉県さいたま市北区宮原町3-151 開明ロイヤルマンション101号,048-871-8601,放課後デイ,月～金,平日９：３０～１８：００ 学校休業日９：３０～１７：３０ 祭日９：３０～１７：００,,学習支援、日常動作、SST、公園での運動／室内動作活動,○,,ボールプール、バランスボール,受給者証利用で月額上限4600円（世帯年収890万円未満）/ 37200円（それ以上）,【放課後デイ】 療育: 学習支援、日常動作、SST、公園での運動/室内動作活動 個別療育あり 【費用】受給者証利用で月額上限4600円(世帯年収890万円未満)/ 37200円(それ以上)
放課後等デイサービス　なないろ,埼玉県さいたま市北区宮原町3-475-3 チコラース10C,048-782-7151,放課後デイ,月～土,平日１０：００～１８：００ 土曜日１０：００～１７：００ 学校休業日１０：００～１７：００,,粗大運動、微細運動、音楽/リトミック、学習支援、日常動作、SST、音楽療法／創作活動／調理活動,○,,トランポリン、バランスボール、フラフープ、縄跳び、マット,受給者証利用で月額上限4600円（世帯年収890万円未満）/ 37200円（それ以上）,【放課後デイ】 療育: 粗大運動、微細運動、音楽/リトミック、学習支援、日常動作、SST、音楽療法/創作活動/調理活動 個別療育あり 【費用】受給者証利用で月額上限4600円(世帯年収890万円未満)/ 37200円(それ以上)
コペルプラス　宮原教室,埼玉県さいたま市北区宮原町3-571-1 第二島村ビル2階西,048-729-6916,児童発達支援,火～土,１０：００～１８：００,,粗大運動、微細運動、言語指導、音楽/リトミック、学習支援、日常動作、SST、創作活動　※月末のみ,○,○,鉄棒、トランポリン、平均台、バランスボール等,受給者証利用で月額上限4600円（世帯年収890万円未満）/ 37200円（それ以上）,【児童発達支援】 療育: 粗大運動、微細運動、言語指導、音楽/リトミック、学習支援、日常動作、SST、創作活動 ※月末のみ 個別療育あり 親支援あり 【費用】受給者証利用で月額上限4600円(世帯年収890万円未満)/ 37200円(それ以上)
ときめきスクールありがとう,埼玉県さいたま市北区宮原町4-99-5,048-783-3484,放課後デイ,月～土,月曜日から金曜日１３：００～１７：００ 　学校休業日１３：００～１７：００,,音楽/リトミック、学習支援、日常動作、SST、外出活動,○,,,受給者証利用で月額上限4600円（世帯年収890万円未満）/ 37200円（それ以上）,【放課後デイ】 療育: 音楽/リトミック、学習支援、日常動作、SST、外出活動 個別療育あり 【費用】受給者証利用で月額上限4600円(世帯年収890万円未満)/ 37200円(それ以上)
放課後デイサービスあすみるくらぶ大宮,埼玉県さいたま市北区櫛引町2-275 ウエノビル1F,048-783-5426,放課後デイ,月～金,平日１３：３０～１７：３０ 学校休業日１１：００～１７：００,OT○,粗大運動、微細運動、言語指導、音楽/リトミック、学習支援、日常動作、SST、ダンス／調理活動／創作活動,,,バランスボール,受給者証利用で月額上限4600円（世帯年収890万円未満）/ 37200円（それ以上）,【放課後デイ】 療育: 粗大運動、微細運動、言語指導、音楽/リトミック、学習支援、日常動作、SST、ダンス/調理活動/創作活動 専門職: OT○ 【費用】受給者証利用で月額上限4600円(世帯年収890万円未満)/ 37200円(それ以上)
ハッピーガーデン,埼玉県さいたま市北区植竹町1-330-2,048-782-4437,児童発達支援・放課後デイ,月～土,平日１１：００～１２：００　１３：００～１８：３０ 土曜日９：００～１７：００ 学校休業日９：００～１７：００,OT○、精神保健福祉士○,粗大運動、微細運動、言語指導、学習支援、日常動作、SST,○,,トランポリン、ボールプール、鉄棒,受給者証利用で月額上限4600円（世帯年収890万円未満）/ 37200円（それ以上）,【児童発達支援・放課後デイ】 療育: 粗大運動、微細運動、言語指導、学習支援、日常動作、SST 専門職: OT○、精神保健福祉士○ 個別療育あり 【費用】受給者証利用で月額上限4600円(世帯年収890万円未満)/ 37200円(それ以上)
あすぽーと鉄道博物館,埼玉県さいたま市北区大成町4-125-1 ドゥエル石川1階,048-788-3953,放課後デイ,月～土,平日１０：００～１９：００ 土曜日９：００～１８：００ 学校休業日９：００～１８：００,,粗大運動、微細運動、言語指導、音楽/リトミック、学習支援、日常動作、SST、認知トレーニング／アナログゲーム療育／創作活動,○,,,受給者証利用で月額上限4600円（世帯年収890万円未満）/ 37200円（それ以上）,【放課後デイ】 療育: 粗大運動、微細運動、言語指導、音楽/リトミック、学習支援、日常動作、SST、認知トレーニング/アナログゲーム療育/創作活動 個別療育あり 【費用】受給者証利用で月額上限4600円(世帯年収890万円未満)/ 37200円(それ以上)
BUTTERFLY　EFFECT　運動&SSTクラス,埼玉県さいたま市北区土呂町1-70-12-103,048-788-4200,放課後デイ,月～土,平日１４：３０～１７：３０ 土曜日１０：００～１６：００ 学校休業日１０：００～１６：００,,粗大運動、微細運動、日常動作、SST、運動療育／マイクラ／調理活動,,,トランポリン、平均台、マット、バランスボール,受給者証利用で月額上限4600円（世帯年収890万円未満）/ 37200円（それ以上）,【放課後デイ】 療育: 粗大運動、微細運動、日常動作、SST、運動療育/マイクラ/調理活動 【費用】受給者証利用で月額上限4600円(世帯年収890万円未満)/ 37200円(それ以上)
いっぽいっぽ土呂,埼玉県さいたま市北区土呂町2-69-6,048-782-8392,放課後デイ,月～土,平日１３：００～１８：００ 土曜日１０：００～１８：００ 学校休業日１０：００～１８：００,,粗大運動、微細運動、言語指導、音楽/リトミック、日常動作、SST、調理活動／工作／ダンス,○,,卓球台、ビニールプール,受給者証利用で月額上限4600円（世帯年収890万円未満）/ 37200円（それ以上）,【放課後デイ】 療育: 粗大運動、微細運動、言語指導、音楽/リトミック、日常動作、SST、調理活動/工作/ダンス 個別療育あり 【費用】受給者証利用で月額上限4600円(世帯年収890万円未満)/ 37200円(それ以上)
エブリン・ベア,埼玉県さいたま市北区東大成町1-545-1 柳屋ビル1階,048-729-8645,児童発達支援・放課後デイ,月～土,平日１０：００～１７：００ 土曜日１０：００～１６：００ 学校休業日１０：００～１６：００,,粗大運動、微細運動、音楽/リトミック、学習支援、日常動作、SST、サントレ,,,トランポリン、とび箱、鉄棒、マット、バランスボール,受給者証利用で月額上限4600円（世帯年収890万円未満）/ 37200円（それ以上）,【児童発達支援・放課後デイ】 療育: 粗大運動、微細運動、音楽/リトミック、学習支援、日常動作、SST、サントレ 【費用】受給者証利用で月額上限4600円(世帯年収890万円未満)/ 37200円(それ以上)
エブリン・フラワー,埼玉県さいたま市北区東大成町1-591,048-778-9096,児童発達支援,月～土,平日９：００～１６：００ 土曜日１０：００～１６：００,,粗大運動、微細運動、言語指導、音楽/リトミック、学習支援、日常動作、SST、ワーク／創作活動／リトミック,○,,トランポリン、ボルダリング,受給者証利用で月額上限4600円（世帯年収890万円未満）/ 37200円（それ以上）,【児童発達支援】 療育: 粗大運動、微細運動、言語指導、音楽/リトミック、学習支援、日常動作、SST、ワーク/創作活動/リトミック 個別療育あり 【費用】受給者証利用で月額上限4600円(世帯年収890万円未満)/ 37200円(それ以上)
放課後等デイサービスみらい,埼玉県さいたま市北区日進町1-508-9 サンシャインシティ102号室,048-779-8877,放課後デイ,月～金 第1・3土曜,平日１１：００～１８：００ 土曜日１０：００～１８：００ 学校休業：９：0０～１８：００,,粗大運動、微細運動、音楽/リトミック、学習支援、日常動作、SST、ダンス／調理活動／創作活動,○,,トランポリン、バランスボール,受給者証利用で月額上限4600円（世帯年収890万円未満）/ 37200円（それ以上）,【放課後デイ】 療育: 粗大運動、微細運動、音楽/リトミック、学習支援、日常動作、SST、ダンス/調理活動/創作活動 個別療育あり 【費用】受給者証利用で月額上限4600円(世帯年収890万円未満)/ 37200円(それ以上)
まほうのくに,埼玉県さいたま市北区日進町1-529-2 コーポ桔梗,048-658-9023,放課後デイ,月～金,平日９：３０～１８：３０ 学校休業日９：００～１８：００,公認心理師○,粗大運動、微細運動、音楽/リトミック、学習支援、日常動作、SST,○,,,受給者証利用で月額上限4600円（世帯年収890万円未満）/ 37200円（それ以上）,【放課後デイ】 療育: 粗大運動、微細運動、音楽/リトミック、学習支援、日常動作、SST 専門職: 公認心理師○ 個別療育あり 【費用】受給者証利用で月額上限4600円(世帯年収890万円未満)/ 37200円(それ以上)
ScatKids日進,埼玉県さいたま市北区日進町1-564-1,048-871-5825,放課後デイ,月～土,平日１４：００～１８：００ 土曜日１０：００～１６：００ 学校休業日１０：００～１６：００,,粗大運動、微細運動、言語指導、音楽/リトミック、学習支援、日常動作、SST、音楽／芸術創作／マインドフルネス,○,○,電子ピアノ３台、楽器、書道・絵画道具、バランスボール、運動用品、自立活動教材,受給者証利用で月額上限4600円（世帯年収890万円未満）/ 37200円（それ以上）,【放課後デイ】 療育: 粗大運動、微細運動、言語指導、音楽/リトミック、学習支援、日常動作、SST、音楽/芸術創作/マインドフルネス 個別療育あり 親支援あり 【費用】受給者証利用で月額上限4600円(世帯年収890万円未満)/ 37200円(それ以上)
ブロッサムジュニア　さいたま日進教室,埼玉県さいたま市北区日進町2-834-1 大畠日進ビル2階,048-657-8727,児童発達支援・放課後デイ,月～土,平日９：３０～１７：１５ 土曜日、祝日９：３０～１６：００ 学校休業日９：３０～１６：００,OT○,粗大運動、微細運動、音楽/リトミック、学習支援、日常動作、SST、調理j活動／外出、野外活動,○,○,トランポリン,受給者証利用で月額上限4600円（世帯年収890万円未満）/ 37200円（それ以上）,【児童発達支援・放課後デイ】 療育: 粗大運動、微細運動、音楽/リトミック、学習支援、日常動作、SST、調理j活動/外出、野外活動 専門職: OT○ 個別療育あり 親支援あり 【費用】受給者証利用で月額上限4600円(世帯年収890万円未満)/ 37200円(それ以上)
どっぽ就労塾日進,埼玉県さいたま市北区日進町2-1112 柳田ビル3階,048-788-2117,放課後デイ,月～土,平日１５：００～１８：３０ 土曜日１０：３０～１６：３０ 学校休業日１０：３０～１６：３０,,日常動作、SST、就労訓練／社会人スキルやマナー／進路相談,○,,,受給者証利用で月額上限4600円（世帯年収890万円未満）/ 37200円（それ以上）,【放課後デイ】 療育: 日常動作、SST、就労訓練/社会人スキルやマナー/進路相談 個別療育あり 【費用】受給者証利用で月額上限4600円(世帯年収890万円未満)/ 37200円(それ以上)
Ｇｒｉｐキッズ大宮日進校,埼玉県さいたま市北区日進町2-1126-10 2階,048-778-9842,放課後デイ,月～土,平日１５：００～１９：００ 土曜日１０：００～１６：００ 学校休業日１０：００～１６：００,,学習支援、日常動作、SST,○,,バランスボール、ボードゲーム,受給者証利用で月額上限4600円（世帯年収890万円未満）/ 37200円（それ以上）,【放課後デイ】 療育: 学習支援、日常動作、SST 個別療育あり 【費用】受給者証利用で月額上限4600円(世帯年収890万円未満)/ 37200円(それ以上)
ハッピーキッズスペースみんと大宮日進,埼玉県さいたま市北区日進町2-1914-1,048-669-6177,児童発達支援・放課後デイ,月～日,平日１３：３０～１７：３０ 土曜日１０：００～１６：００ 学校休業日１０：００～１６：００,,粗大運動、微細運動、言語指導、音楽/リトミック、学習支援、日常動作、SST、運動療育／創作・調理活動／外出,,,跳び箱、鉄棒、バランスボール、トランポリン、平均台,受給者証利用で月額上限4600円（世帯年収890万円未満）/ 37200円（それ以上）,【児童発達支援・放課後デイ】 療育: 粗大運動、微細運動、言語指導、音楽/リトミック、学習支援、日常動作、SST、運動療育/創作・調理活動/外出 【費用】受給者証利用で月額上限4600円(世帯年収890万円未満)/ 37200円(それ以上)
あすぽーと宮原,埼玉県さいたま市北区日進町3-491 リエス宮原ウエスト101号室,048-783-3260,放課後デイ,月～土,平日１０：００～１９：００ 土曜日９：００～１８：００ 学校休業日９：００～１８：００,,粗大運動、微細運動、言語指導、音楽/リトミック、学習支援、日常動作、SST、認知トレーニング／アナログゲーム療育／創作活動,○,,,受給者証利用で月額上限4600円（世帯年収890万円未満）/ 37200円（それ以上）,【放課後デイ】 療育: 粗大運動、微細運動、言語指導、音楽/リトミック、学習支援、日常動作、SST、認知トレーニング/アナログゲーム療育/創作活動 個別療育あり 【費用】受給者証利用で月額上限4600円(世帯年収890万円未満)/ 37200円(それ以上)
放課後等デイサービス　キラキラ本郷町,埼玉県さいたま市北区本郷町210,048-783-4015,放課後デイ,月～土,平日１０：００～１９：００ 土曜日1０：００～１７：００　　　　　　　　　　　　　　　　学校休業日１０：００～１７：００,,粗大運動、微細運動、音楽/リトミック、学習支援、日常動作、SST、調理活動／創作活動／外出活動,,,トランポリン、バランスボール,受給者証利用で月額上限4600円（世帯年収890万円未満）/ 37200円（それ以上）,【放課後デイ】 療育: 粗大運動、微細運動、音楽/リトミック、学習支援、日常動作、SST、調理活動/創作活動/外出活動 【費用】受給者証利用で月額上限4600円(世帯年収890万円未満)/ 37200円(それ以上)
コペルプラスジュニア宮原・土呂教室,埼玉県さいたま市北区本郷町396 2F,048-662-9602,放課後デイ,日～土,１０：００～１８：００,,粗大運動、微細運動、学習支援、日常動作、SST、創作活動,○,○,トランポリン、平均台、鉄道、バランスボール、巧技台,受給者証利用で月額上限4600円（世帯年収890万円未満）/ 37200円（それ以上）,【放課後デイ】 療育: 粗大運動、微細運動、学習支援、日常動作、SST、創作活動 個別療育あり 親支援あり 【費用】受給者証利用で月額上限4600円(世帯年収890万円未満)/ 37200円(それ以上)
ゆめの園みらいず本郷　児童発達支援・放課後等デイサービス,埼玉県さいたま市北区本郷町753 サンヴィレッジ本郷104号室,048-871-7610,児童発達支援・放課後デイ,月～土,平日１４：３０～１７：３０ 土曜日１０：００～１６：００ 学校休業日１０：００～１６：００,,粗大運動、微細運動、日常動作、SST、外出活動／ダンス／創作活動,○,,トランポリン、バランスボール,受給者証利用で月額上限4600円（世帯年収890万円未満）/ 37200円（それ以上）,【児童発達支援・放課後デイ】 療育: 粗大運動、微細運動、日常動作、SST、外出活動/ダンス/創作活動 個別療育あり 【費用】受給者証利用で月額上限4600円(世帯年収890万円未満)/ 37200円(それ以上)
療育ポータルスタジオCoreMore新都心スタジオ,埼玉県さいたま市大宮区吉敷町4-93-5 大宮教育会館1階,048-729-7737,児童発達支援,月～土,９：１５～１７：１５,PT◎、OT◎、ST◎、精神保健福祉士◎,粗大運動、微細運動、言語指導、音楽/リトミック、学習支援、日常動作、SST、創作活動,○,,ボルダリング、トランポリン、平均台,受給者証利用で月額上限4600円（世帯年収890万円未満）/ 37200円（それ以上）,【児童発達支援】 療育: 粗大運動、微細運動、言語指導、音楽/リトミック、学習支援、日常動作、SST、創作活動 専門職: PT◎、OT◎、ST◎、精神保健福祉士◎ 個別療育あり 【費用】受給者証利用で月額上限4600円(世帯年収890万円未満)/ 37200円(それ以上)
ぶらいと,埼玉県さいたま市大宮区吉敷町4-178,048-643-4161,児童発達支援,月～土,平日９：００～１２：００ 　　   １４：００～１７:００ 土曜９：００～１２：００ 　　   １４：００～１７:００,PT○、OT◎、ST◎,粗大運動、微細運動、言語指導、日常動作、SST、アート活動,○,,トランポリン、ボールプール、鉄棒＆ロープ、平均台、バランスボール,受給者証利用で月額上限4600円（世帯年収890万円未満）/ 37200円（それ以上）,【児童発達支援】 療育: 粗大運動、微細運動、言語指導、日常動作、SST、アート活動 専門職: PT○、OT◎、ST◎ 個別療育あり 【費用】受給者証利用で月額上限4600円(世帯年収890万円未満)/ 37200円(それ以上)
いっぽいっぽ大宮氷川台,埼玉県さいたま市大宮区高鼻町3-1-2,048-782-6042,放課後デイ,月～土,平日１３：００～１８：００ 学校休業日１０：００～１８：００,,粗大運動、微細運動、言語指導、日常動作、ダンス　／創作活動／日常動作,,,バランスボール,受給者証利用で月額上限4600円（世帯年収890万円未満）/ 37200円（それ以上）,【放課後デイ】 療育: 粗大運動、微細運動、言語指導、日常動作、ダンス /創作活動/日常動作 【費用】受給者証利用で月額上限4600円(世帯年収890万円未満)/ 37200円(それ以上)
コペルプラス　大宮教室,埼玉県さいたま市大宮区桜木町1-175 KGビル3階,048-778-8693,児童発達支援,日～月,９：４０～１２：００ １４：００～１７：４０,,粗大運動、微細運動、言語指導、音楽/リトミック、学習支援、日常動作、SST、製作活動,○,○,月のプログラムにより、プレイルームに配置、（トランポリン、鉄棒、平均台、バランスボール、ボールプール）,受給者証利用で月額上限4600円（世帯年収890万円未満）/ 37200円（それ以上）,【児童発達支援】 療育: 粗大運動、微細運動、言語指導、音楽/リトミック、学習支援、日常動作、SST、製作活動 個別療育あり 親支援あり 【費用】受給者証利用で月額上限4600円(世帯年収890万円未満)/ 37200円(それ以上)
ハビー大宮桜木町２丁目教室,埼玉県さいたま市大宮区桜木町2-7-9 鍋島ビル1階101,048-788-4075,児童発達支援・放課後デイ,月～日,平日１０：３０～１９：３０ 土曜日９：００～１８：００ 学校休業日９：００～１８：００,OT○,粗大運動、微細運動、言語指導、音楽/リトミック、学習支援、日常動作、SST、創作活動／レクリエーション／季節のイベント,○,,トランポリン、バランスボール、平均台、マット,受給者証利用で月額上限4600円（世帯年収890万円未満）/ 37200円（それ以上）,【児童発達支援・放課後デイ】 療育: 粗大運動、微細運動、言語指導、音楽/リトミック、学習支援、日常動作、SST、創作活動/レクリエーション/季節のイベント 専門職: OT○ 個別療育あり 【費用】受給者証利用で月額上限4600円(世帯年収890万円未満)/ 37200円(それ以上)
LITALICOジュニア大宮教室,埼玉県さいたま市大宮区桜木町2-8-2 第2金子ビル5階,048-658-2555,児童発達支援・放課後デイ,月～日,【児童発達支援】 金～月１０：００～１８：００ 火～木１２：００～１８：００ 【放課後等デイサービス】 土日１０：００～１７：００ 月～金１４：００～１８：００ 学校休業日１４：００～１８：００,PT◎、OT○、公認心理師◎、精神保健福祉士○,粗大運動、微細運動、言語指導、学習支援、日常動作、SST,○,○,トランポリン、バランスボール、平均台、鉄棒,受給者証利用で月額上限4600円（世帯年収890万円未満）/ 37200円（それ以上）,【児童発達支援・放課後デイ】 療育: 粗大運動、微細運動、言語指導、学習支援、日常動作、SST 専門職: PT◎、OT○、公認心理師◎、精神保健福祉士○ 個別療育あり 親支援あり 【費用】受給者証利用で月額上限4600円(世帯年収890万円未満)/ 37200円(それ以上)
ハビー大宮大栄橋教室,埼玉県さいたま市大宮区桜木町2-335-1 レインボー大宮ビル5階,048-871-6624,児童発達支援,日～土,９：４５～１７：００,,粗大運動、微細運動、言語指導、音楽/リトミック、学習支援、日常動作、SST、就学準備／感覚統合,○,○,トランポリン、ボールプール、バランスボール、滑り台、平均台,受給者証利用で月額上限4600円（世帯年収890万円未満）/ 37200円（それ以上）,【児童発達支援】 療育: 粗大運動、微細運動、言語指導、音楽/リトミック、学習支援、日常動作、SST、就学準備/感覚統合 個別療育あり 親支援あり 【費用】受給者証利用で月額上限4600円(世帯年収890万円未満)/ 37200円(それ以上)
プティ倶楽部　大宮,埼玉県さいたま市大宮区桜木町3-91,048-677-3917,放課後デイ,月～土,平日１４：００～1８：００ 土曜日９：００～１７：００ 学校休業日９：００～１７：００,,粗大運動、微細運動、音楽/リトミック、学習支援、日常動作、SST、課外活動(畑・公園・植物館等)／調理活動(おやつ作り等)／創作活動(ダンス・壁画制作・科学活動等),○,,トランポリン、マット、平均台、鉄棒、バランスボール,受給者証利用で月額上限4600円（世帯年収890万円未満）/ 37200円（それ以上）,【放課後デイ】 療育: 粗大運動、微細運動、音楽/リトミック、学習支援、日常動作、SST、課外活動(畑・公園・植物館等)/調理活動(おやつ作り等)/創作活動(ダンス・壁画制作・科学活動等) 個別療育あり 【費用】受給者証利用で月額上限4600円(世帯年収890万円未満)/ 37200円(それ以上)
ハビー大宮桜木町４丁目教室,埼玉県さいたま市大宮区桜木町4-202 桜木町橋本ビル2階,048-788-2402,放課後デイ,月～日,平日１０：３０～１９：３０ 土曜日０９：００～１８：００ 学校休業日０９：００～１８：００,OT○,粗大運動、微細運動、言語指導、音楽/リトミック、学習支援、日常動作、SST、創作活動／レクリエーション／季節のイベント,○,,トランポリン、平均台、バランスボール、バランスストーン（飛び石）、ストレッチ用マット,受給者証利用で月額上限4600円（世帯年収890万円未満）/ 37200円（それ以上）,【放課後デイ】 療育: 粗大運動、微細運動、言語指導、音楽/リトミック、学習支援、日常動作、SST、創作活動/レクリエーション/季節のイベント 専門職: OT○ 個別療育あり 【費用】受給者証利用で月額上限4600円(世帯年収890万円未満)/ 37200円(それ以上)
まはろ　桜木町,埼玉県さいたま市大宮区桜木町4-528,048-783-4038,放課後デイ,月～日,平日1１４：００～１８：００ 土・日・祝１０：００～１８：００,臨床心理士○,粗大運動、微細運動、言語指導、音楽/リトミック、学習支援、日常動作、SST、音楽療法／ダンス／工作,○,○,バウンサー、バランスボール、トランポリン,受給者証利用で月額上限4600円（世帯年収890万円未満）/ 37200円（それ以上）,【放課後デイ】 療育: 粗大運動、微細運動、言語指導、音楽/リトミック、学習支援、日常動作、SST、音楽療法/ダンス/工作 専門職: 臨床心理士○ 個別療育あり 親支援あり 【費用】受給者証利用で月額上限4600円(世帯年収890万円未満)/ 37200円(それ以上)
コペルプラス　大宮三橋教室,埼玉県さいたま市大宮区三橋1-1199 オフィスDUO B-室,048-783-4649,児童発達支援,火～土,１０：００～１８：００,,粗大運動、微細運動、言語指導、音楽/リトミック、日常動作、SST,○,○,鉄棒、平均台、トランポリン、バランスボール,受給者証利用で月額上限4600円（世帯年収890万円未満）/ 37200円（それ以上）,【児童発達支援】 療育: 粗大運動、微細運動、言語指導、音楽/リトミック、日常動作、SST 個別療育あり 親支援あり 【費用】受給者証利用で月額上限4600円(世帯年収890万円未満)/ 37200円(それ以上)
児童デイえがお大宮,埼玉県さいたま市大宮区上小町787-6,048-783-4621,児童発達支援・放課後デイ,月～日,（１）児童発達支援　　　　　　　　　　　　　　　　　　　　　　　　　　　　　　　　　　　　　　　　　　　　　　　　　　　　　　　　　　　　　　　　　　　　　　　　　　　　　　　　平日１０：００～１８：００ 土曜日・日曜日・祝日１０：００～１８：００ （２）放課後等デイサービス　　　　　　　　　　　　　　　　　　　　　　　　　　　　　　　　　　　　　　　　　　　　　　　　　　　　　　　　　　　　　　　　　　　　　　　　　　　　　　　　　　　　　　平日１４：００～１８：００ 土曜日・日曜日・祝日１０：００～１８：００ 学校休業日１０：００～１８：００,,粗大運動、微細運動、言語指導、音楽/リトミック、学習支援、日常動作、SST、公園活動／調理活動／創作活動,○,,トランポリン、バランスストーン、プロジェクター,受給者証利用で月額上限4600円（世帯年収890万円未満）/ 37200円（それ以上）,【児童発達支援・放課後デイ】 療育: 粗大運動、微細運動、言語指導、音楽/リトミック、学習支援、日常動作、SST、公園活動/調理活動/創作活動 個別療育あり 【費用】受給者証利用で月額上限4600円(世帯年収890万円未満)/ 37200円(それ以上)
児童デイサービスあさひ丸新都心,埼玉県さいたま市大宮区北袋町2-400-2 町田ビル3 2F,048-788-4052,児童発達支援・放課後デイ,月～土,平日１２：００～１８：００ 土曜日９：００～１７：００ 学校休業日９：００～１７：００,,粗大運動、微細運動、言語指導、日常動作、ダンス　／体幹運動／集団遊び,,,トランポリン、ボルタリング、ボールプール、バランスボール、平均台,受給者証利用で月額上限4600円（世帯年収890万円未満）/ 37200円（それ以上）,【児童発達支援・放課後デイ】 療育: 粗大運動、微細運動、言語指導、日常動作、ダンス /体幹運動/集団遊び 【費用】受給者証利用で月額上限4600円(世帯年収890万円未満)/ 37200円(それ以上)
たんぽぽ療育東教室,埼玉県さいたま市見沼区御蔵771-12,048-872-7808,児童発達支援・放課後デイ,月～金,平日： １１：００～１７：００ 土曜日： １０：００～１６：００ 学校休業日１０：００～１６：００,,粗大運動、微細運動、音楽/リトミック、学習支援、日常動作、SST、畑体験,,,畑スペース,受給者証利用で月額上限4600円（世帯年収890万円未満）/ 37200円（それ以上）,【児童発達支援・放課後デイ】 療育: 粗大運動、微細運動、音楽/リトミック、学習支援、日常動作、SST、畑体験 【費用】受給者証利用で月額上限4600円(世帯年収890万円未満)/ 37200円(それ以上)
スマイルスタディ,埼玉県さいたま市見沼区御蔵1522-19,048-716-0563,児童発達支援・放課後デイ,月～土,平日１４：００～１７：００ 土曜日１０：００～１６：００ 学校休業日１０：００～１６：００,,粗大運動、微細運動、言語指導、音楽/リトミック、学習支援、日常動作、SST、課外活動／調理活動／創作活動,,,DCD用運動療育機器、LD用読みの学習機器、机椅子、冷蔵庫、調理用コンロ,受給者証利用で月額上限4600円（世帯年収890万円未満）/ 37200円（それ以上）,【児童発達支援・放課後デイ】 療育: 粗大運動、微細運動、言語指導、音楽/リトミック、学習支援、日常動作、SST、課外活動/調理活動/創作活動 【費用】受給者証利用で月額上限4600円(世帯年収890万円未満)/ 37200円(それ以上)
スマイルリズム,埼玉県さいたま市見沼区御蔵1522-20,048-716-5832,児童発達支援・放課後デイ,月～土,平日１０：００～１３：００、１４：００～１７：００ 土曜日１０：００～１６：００ 学校休業日１０：００～１６：００,PT○,粗大運動、微細運動、言語指導、音楽/リトミック、学習支援、日常動作、SST、課外活動／調理活動／創作活動,○,,トランポリン、バランスストーン、運動用マット、電子ピアノ、机椅子,受給者証利用で月額上限4600円（世帯年収890万円未満）/ 37200円（それ以上）,【児童発達支援・放課後デイ】 療育: 粗大運動、微細運動、言語指導、音楽/リトミック、学習支援、日常動作、SST、課外活動/調理活動/創作活動 専門職: PT○ 個別療育あり 【費用】受給者証利用で月額上限4600円(世帯年収890万円未満)/ 37200円(それ以上)
スマイルライフ,埼玉県さいたま市見沼区御蔵1522-21,048-716-3859,児童発達支援・放課後デイ,月～金,平日１４：３０～１７：３０ 学校休業日１０：００～１６：００,,粗大運動、微細運動、言語指導、学習支援、日常動作、SST、調理活動／創作活動／課外活動,,,テレビ、運動遊び用ゲーム、調理用IHコンロ、オーブンレンジ、冷蔵庫,受給者証利用で月額上限4600円（世帯年収890万円未満）/ 37200円（それ以上）,【児童発達支援・放課後デイ】 療育: 粗大運動、微細運動、言語指導、学習支援、日常動作、SST、調理活動/創作活動/課外活動 【費用】受給者証利用で月額上限4600円(世帯年収890万円未満)/ 37200円(それ以上)
児童デイ　あったまぁる山,埼玉県さいたま市見沼区山118-5,048-872-6511,放課後デイ,月～金 土(第1，第3),平日１３：３０～１７：３０ 土曜日１０：００～１６：００ 学校休業日１０：００～１６：００,,音楽/リトミック、学習支援、日常動作、SST、ダンス・ストレッチ／工作・作業／調理活動,○,,大きな庭,受給者証利用で月額上限4600円（世帯年収890万円未満）/ 37200円（それ以上）,【放課後デイ】 療育: 音楽/リトミック、学習支援、日常動作、SST、ダンス・ストレッチ/工作・作業/調理活動 個別療育あり 【費用】受給者証利用で月額上限4600円(世帯年収890万円未満)/ 37200円(それ以上)
さいたま市はるの園,埼玉県さいたま市見沼区春野2-3-5,048-682-5531,児童発達支援,月～金,平日９:００～１７：００,PT○、OT○、ST○、臨床心理士○,粗大運動、微細運動、言語指導、音楽/リトミック、日常動作、SST、感触遊び,○,,感覚遊具、エアポリン、滑り台、平均台、ボールプール,受給者証利用で月額上限4600円（世帯年収890万円未満）/ 37200円（それ以上）,【児童発達支援】 療育: 粗大運動、微細運動、言語指導、音楽/リトミック、日常動作、SST、感触遊び 専門職: PT○、OT○、ST○、臨床心理士○ 個別療育あり 【費用】受給者証利用で月額上限4600円(世帯年収890万円未満)/ 37200円(それ以上)
放課後等デイサービス　こすもす,埼玉県さいたま市見沼区深作3-33-15,048-884-8285,放課後デイ,月～土,平日１４：３０～１８：００ 土曜日１０：００～１７：００ 学校休業日１０：００～１７：００,,粗大運動、微細運動、音楽/リトミック、学習支援、日常動作、SST、タブレット学習／習字・硬筆／音楽活動,○,,タブレット、電子ピアノ、ハンドベル、習字・水筆・硬筆セット、ＵＶレジンキット,受給者証利用で月額上限4600円（世帯年収890万円未満）/ 37200円（それ以上）,【放課後デイ】 療育: 粗大運動、微細運動、音楽/リトミック、学習支援、日常動作、SST、タブレット学習/習字・硬筆/音楽活動 個別療育あり 【費用】受給者証利用で月額上限4600円(世帯年収890万円未満)/ 37200円(それ以上)
たんぽぽ療育教室,埼玉県さいたま市見沼区染谷3-420-2,080-5512-7560,児童発達支援・放課後デイ,月～土,平日１１：００～１７：００ 土曜日１０：００～１６：００ 学校休業日１０：００～１６：００,PT○,粗大運動、微細運動、音楽/リトミック、学習支援、日常動作、SST、畑体験,,,庭の畑スペース,受給者証利用で月額上限4600円（世帯年収890万円未満）/ 37200円（それ以上）,【児童発達支援・放課後デイ】 療育: 粗大運動、微細運動、音楽/リトミック、学習支援、日常動作、SST、畑体験 専門職: PT○ 【費用】受給者証利用で月額上限4600円(世帯年収890万円未満)/ 37200円(それ以上)
コペルプラス　さいたま見沼教室,埼玉県さいたま市見沼区大字新堤58-12,048-796-5992,児童発達支援,火～土,１０：００～１８：００,,粗大運動、微細運動、言語指導、音楽/リトミック、学習支援、日常動作、SST、フラッシュカード／創作的活動／小集団プログラム,○,○,トランポリン、バランスボール、バランスストーン、鉄棒、マットなど,受給者証利用で月額上限4600円（世帯年収890万円未満）/ 37200円（それ以上）,【児童発達支援】 療育: 粗大運動、微細運動、言語指導、音楽/リトミック、学習支援、日常動作、SST、フラッシュカード/創作的活動/小集団プログラム 個別療育あり 親支援あり 【費用】受給者証利用で月額上限4600円(世帯年収890万円未満)/ 37200円(それ以上)
デイジー,埼玉県さいたま市見沼区大字風渡野430-27 ドリームコート101号室,048-795-4870,児童発達支援・放課後デイ,月～土・祝日,児童発達支援 平日　　　　 １０：００～１３：３０ 土曜・祝日　１０：００～１３：３０ 放課後等デイサービス 平日          １４：３０～１７：３０ 土曜・祝日  １０：００～１６：００ 学校休業日 １０：００～１６：００,,粗大運動、微細運動、言語指導、学習支援、日常動作、SST、創作活動／外出活動,,,ボールプール、バランスボール、クッショントランポリン,受給者証利用で月額上限4600円（世帯年収890万円未満）/ 37200円（それ以上）,【児童発達支援・放課後デイ】 療育: 粗大運動、微細運動、言語指導、学習支援、日常動作、SST、創作活動/外出活動 【費用】受給者証利用で月額上限4600円(世帯年収890万円未満)/ 37200円(それ以上)
サンFC大宮,埼玉県さいたま市見沼区大和田町1-1481-1 ケーアイ大和田ビル南棟3階,048-778-9661,放課後デイ,月～土,平日１４：００～１８：００ 土曜日１０：００～１６：００ 学校休業日１０：００～１６：００,臨床心理士○,粗大運動、言語指導、サッカー,,,,受給者証利用で月額上限4600円（世帯年収890万円未満）/ 37200円（それ以上）,【放課後デイ】 療育: 粗大運動、言語指導、サッカー 専門職: 臨床心理士○ 【費用】受給者証利用で月額上限4600円(世帯年収890万円未満)/ 37200円(それ以上)
放課後等デイサービス　シャイニー,埼玉県さいたま市見沼区中川241-5,048-681-7600,放課後デイ,月～金,平日１４：００～１７：００ 学校休業日１０：００～１６：００,PT○,粗大運動、微細運動、音楽/リトミック、日常動作,○,,ｽﾇｰｽﾞﾚﾝﾙｰﾑ、介護用ベッド、ﾊﾟﾙｽｵｷｼﾒｰﾀｰ、ﾊﾞﾗﾝｽﾎﾞｰﾙ、体操マット、教育楽器（ｷｰﾎﾞｰﾄﾞ・ﾀﾝﾊﾞﾘﾝ他）,受給者証利用で月額上限4600円（世帯年収890万円未満）/ 37200円（それ以上）,【放課後デイ】 療育: 粗大運動、微細運動、音楽/リトミック、日常動作 専門職: PT○ 個別療育あり 【費用】受給者証利用で月額上限4600円(世帯年収890万円未満)/ 37200円(それ以上)
グローバルキッズメソッド７９,埼玉県さいたま市見沼区東大宮1-85-3,048-795-4451,児童発達支援,月～土、祝日,平日８：００～１８：００ 土曜日８：００～１８：００ 学校休業日８：００～１８：００,,粗大運動、微細運動、言語指導、音楽/リトミック、日常動作、SST、ダンス／郊外活動／創作活動,○,,巧技台、トランポリン、平均台、すべり台、体操マット,受給者証利用で月額上限4600円（世帯年収890万円未満）/ 37200円（それ以上）,【児童発達支援】 療育: 粗大運動、微細運動、言語指導、音楽/リトミック、日常動作、SST、ダンス/郊外活動/創作活動 個別療育あり 【費用】受給者証利用で月額上限4600円(世帯年収890万円未満)/ 37200円(それ以上)
コペルプラス　東大宮教室,埼玉県さいたま市見沼区東大宮4-17-8 ルーブルビル1階,048-780-2804,児童発達支援,火～土 (祝日除く）,１０：００～１８：００,,粗大運動、微細運動、言語指導、音楽/リトミック、学習支援、日常動作、SST,○,○,バランスボール、トランポリン、鉄棒、平均台、ラダー,受給者証利用で月額上限4600円（世帯年収890万円未満）/ 37200円（それ以上）,【児童発達支援】 療育: 粗大運動、微細運動、言語指導、音楽/リトミック、学習支援、日常動作、SST 個別療育あり 親支援あり 【費用】受給者証利用で月額上限4600円(世帯年収890万円未満)/ 37200円(それ以上)
放課後等デイサービス　ウィズ東大宮,埼玉県さいたま市見沼区東大宮4-23-1,048-788-1993,放課後デイ,月～金,平日１３：００～１８：００ 学校休業日１０：００～１８：００,精神保健福祉士○,学習支援、日常動作、SST、創作活動,,,トランポリン、ブロックマット、バランスボール、ボールプール,受給者証利用で月額上限4600円（世帯年収890万円未満）/ 37200円（それ以上）,【放課後デイ】 療育: 学習支援、日常動作、SST、創作活動 専門職: 精神保健福祉士○ 【費用】受給者証利用で月額上限4600円(世帯年収890万円未満)/ 37200円(それ以上)
ハッピーキッズスペースみんと東大宮,埼玉県さいたま市見沼区東大宮5-10-10 セゾンハウス1階,048-680-1555,児童発達支援・放課後デイ,月～日,平日１３：３０～１７：３０ 土曜日１０：００～１６：００ 学校休業日１０：００～１６：００,,粗大運動、微細運動、言語指導、音楽/リトミック、学習支援、日常動作、SST、運動療育／創作・調理活動／外出,,,跳び箱、鉄棒、バランスボール、トランポリン、平均台,受給者証利用で月額上限4600円（世帯年収890万円未満）/ 37200円（それ以上）,【児童発達支援・放課後デイ】 療育: 粗大運動、微細運動、言語指導、音楽/リトミック、学習支援、日常動作、SST、運動療育/創作・調理活動/外出 【費用】受給者証利用で月額上限4600円(世帯年収890万円未満)/ 37200円(それ以上)
スタディラボ　Ｍｙ　room,埼玉県さいたま市見沼区東大宮5-15-1 1F,048-676-5560,放課後デイ,月～金,平日１３：００～１７：３０ 学校休業日１０：００～１６：００,,微細運動、言語指導、学習支援、日常動作、SST、創作活動／調理活動／屋外活動,○,,トランポリン、バランスボール,受給者証利用で月額上限4600円（世帯年収890万円未満）/ 37200円（それ以上）,【放課後デイ】 療育: 微細運動、言語指導、学習支援、日常動作、SST、創作活動/調理活動/屋外活動 個別療育あり 【費用】受給者証利用で月額上限4600円(世帯年収890万円未満)/ 37200円(それ以上)
児童デイ　きらっと,埼玉県さいたま市見沼区東大宮5-22-21,048-681-0360,放課後デイ,月～土,平日１０：００～１９：００ 学校休業日１０：００～１６：００,,粗大運動、微細運動、言語指導、音楽/リトミック、学習支援、日常動作、SST、創作活動／調理活動／ダンス,○,,平均台、バランスボール、バランスストーン、ボッチャ,受給者証利用で月額上限4600円（世帯年収890万円未満）/ 37200円（それ以上）,【放課後デイ】 療育: 粗大運動、微細運動、言語指導、音楽/リトミック、学習支援、日常動作、SST、創作活動/調理活動/ダンス 個別療育あり 【費用】受給者証利用で月額上限4600円(世帯年収890万円未満)/ 37200円(それ以上)
あすぽーと東大宮,埼玉県さいたま市見沼区東大宮5-34-2 山田ビル203,048-797-6066,放課後デイ,月～土,平日１０：００～１９：００ 土曜日９：００～１８：００ 学校休業日９：００～１８：００,,粗大運動、微細運動、言語指導、音楽/リトミック、学習支援、日常動作、SST、認知トレーニング／アナログゲーム療育／創作活動,○,,,受給者証利用で月額上限4600円（世帯年収890万円未満）/ 37200円（それ以上）,【放課後デイ】 療育: 粗大運動、微細運動、言語指導、音楽/リトミック、学習支援、日常動作、SST、認知トレーニング/アナログゲーム療育/創作活動 個別療育あり 【費用】受給者証利用で月額上限4600円(世帯年収890万円未満)/ 37200円(それ以上)
おひさま　見沼事業所,埼玉県さいたま市見沼区風渡野400-1,048-682-6810,児童発達支援・放課後デイ,月～金,平日１０：００～１８：００ 学校休業日１０:００～１７:００,,粗大運動、微細運動、言語指導、音楽/リトミック、学習支援、日常動作、SST、創作活動／作業指導,,,ピアノ、バランスボール、ボールプール、パラバルーン、楽器,受給者証利用で月額上限4600円（世帯年収890万円未満）/ 37200円（それ以上）,【児童発達支援・放課後デイ】 療育: 粗大運動、微細運動、言語指導、音楽/リトミック、学習支援、日常動作、SST、創作活動/作業指導 【費用】受給者証利用で月額上限4600円(世帯年収890万円未満)/ 37200円(それ以上)
アイダージュニア　さいたま中央教室,埼玉県さいたま市中央区下落合6-2-5 WADA11 1階,048-711-5910,児童発達支援・放課後デイ,月～土,児童発達 平日１０：００～１２：００　１３：００～１７：００ 土曜９：００～１６：００ 学校休校日１０：００～１６：００ 放課後等デイサービス 平日１２：００～１８：００ 土曜９：００～１６：００ 学校休校日１０：００～１６：００,PT○,粗大運動、微細運動、言語指導、音楽/リトミック、学習支援、日常動作、SST、製作活動／体幹トレーニング,○,○,トランポリン、大型スイング遊具、ボールプール、跳び箱、鉄棒,受給者証利用で月額上限4600円（世帯年収890万円未満）/ 37200円（それ以上）,【児童発達支援・放課後デイ】 療育: 粗大運動、微細運動、言語指導、音楽/リトミック、学習支援、日常動作、SST、製作活動/体幹トレーニング 専門職: PT○ 個別療育あり 親支援あり 【費用】受給者証利用で月額上限4600円(世帯年収890万円未満)/ 37200円(それ以上)
放課後デイGrannyさいたま中央,埼玉県さいたま市中央区下落合1089-1,048-767-8423,放課後デイ,月～土,平日１５：００～１６：３０　（火、木、金、保護者の依頼にて １１：００～受け入れ） 土曜日１０：００～１６：００ 祝日１０：００～１６：００ 学校休業日１０：００～１６：００,PT○,音楽/リトミック,,,キーボード,受給者証利用で月額上限4600円（世帯年収890万円未満）/ 37200円（それ以上）,【放課後デイ】 療育: 音楽/リトミック 専門職: PT○ 【費用】受給者証利用で月額上限4600円(世帯年収890万円未満)/ 37200円(それ以上)
放課後等デイサービス　ウィズ・ユー与野,埼玉県さいたま市中央区下落合1655-18 メゾン下落合,048-708-2541,児童発達支援・放課後デイ,月～土,平日１０：００～１７：３０ 土曜日１０：００～１６：００ 学校休業日１０：００～１６：００,,粗大運動、微細運動、言語指導、音楽/リトミック、学習支援、日常動作、SST、外出活動／調理活動,○,,トランポリン、ボルタリング,受給者証利用で月額上限4600円（世帯年収890万円未満）/ 37200円（それ以上）,【児童発達支援・放課後デイ】 療育: 粗大運動、微細運動、言語指導、音楽/リトミック、学習支援、日常動作、SST、外出活動/調理活動 個別療育あり 【費用】受給者証利用で月額上限4600円(世帯年収890万円未満)/ 37200円(それ以上)
ててスクール　与野教室,埼玉県さいたま市中央区下落合1711-111,048-767-8927,放課後デイ,月～土,平日１０：３０～１９：３０ 土曜日９：００～１８：００ 学校休業日９：００～１８：００,,学習支援、日常動作、創作活動／絵画制作,○,,,受給者証利用で月額上限4600円（世帯年収890万円未満）/ 37200円（それ以上）,【放課後デイ】 療育: 学習支援、日常動作、創作活動/絵画制作 個別療育あり 【費用】受給者証利用で月額上限4600円(世帯年収890万円未満)/ 37200円(それ以上)
プティ倶楽部　南与野,埼玉県さいたま市中央区上峰3-3-12 小川ビルV2階,048-637-8686,放課後デイ,月～土,平日１４：００～1８：００ 土曜日９：００～１７：００ 学校休業日９：００～１７：００,臨床発達心理士○,粗大運動、微細運動、学習支援、日常動作、SST、課外活動（公園、動物園、科学館等）／調理活動（おやつ作り等）／プログラミング教育活動(PC/タブレット),○,,トランポリン、平均台、鉄棒,受給者証利用で月額上限4600円（世帯年収890万円未満）/ 37200円（それ以上）,【放課後デイ】 療育: 粗大運動、微細運動、学習支援、日常動作、SST、課外活動(公園、動物園、科学館等)/調理活動(おやつ作り等)/プログラミング教育活動(PC/タブレット) 専門職: 臨床発達心理士○ 個別療育あり 【費用】受給者証利用で月額上限4600円(世帯年収890万円未満)/ 37200円(それ以上)
アフタースクール　フォーワンズ・エスキッズ,埼玉県さいたま市中央区上峰3-3-12 小川ビルV1階,048-711-1601,児童発達支援・放課後デイ,月～土,平日１３：３０～１７：３０ 土曜日・祝日・学校休業日１０：００～１６：３０,,粗大運動、微細運動、日常動作、SST、ダンス／創作活動,,,トランポリン,受給者証利用で月額上限4600円（世帯年収890万円未満）/ 37200円（それ以上）,【児童発達支援・放課後デイ】 療育: 粗大運動、微細運動、日常動作、SST、ダンス/創作活動 【費用】受給者証利用で月額上限4600円(世帯年収890万円未満)/ 37200円(それ以上)
カルテット　ジュニア,埼玉県さいたま市中央区上落合2-10-6,048-706-8726,児童発達支援・放課後デイ,月～金,平日９：４５～１７：００ 学校休業日１０：００～１７：００,,微細運動、学習支援、日常動作、SST、創作活動,○,,トランポリン、バランスボール、体操用マット,受給者証利用で月額上限4600円（世帯年収890万円未満）/ 37200円（それ以上）,【児童発達支援・放課後デイ】 療育: 微細運動、学習支援、日常動作、SST、創作活動 個別療育あり 【費用】受給者証利用で月額上限4600円(世帯年収890万円未満)/ 37200円(それ以上)
バンブーワァオ　与野校,埼玉県さいたま市中央区新中里3-7-26,048-767-7311,児童発達支援・放課後デイ,月～土 第4日曜日,１０：００～１７：００,PT○、公認心理師◎、臨床発達心理士◎,粗大運動、微細運動、言語指導、音楽/リトミック、学習支援、日常動作、SST、知育・運動・社会性,○,○,バランスボール、平均台、大ブロック、砂場、鉄棒,受給者証利用で月額上限4600円（世帯年収890万円未満）/ 37200円（それ以上）,【児童発達支援・放課後デイ】 療育: 粗大運動、微細運動、言語指導、音楽/リトミック、学習支援、日常動作、SST、知育・運動・社会性 専門職: PT○、公認心理師◎、臨床発達心理士◎ 個別療育あり 親支援あり 【費用】受給者証利用で月額上限4600円(世帯年収890万円未満)/ 37200円(それ以上)
さいたま市　杉の子園,埼玉県さいたま市中央区大戸2-7-17,048-855-2356,児童発達支援,月～金,平日９：００～１７：００,OT○、ST○、臨床心理士○,粗大運動、微細運動、言語指導、音楽/リトミック、日常動作、SST,○,,スイング、トランポリン、巧技台、ボールプール、固定遊具,受給者証利用で月額上限4600円（世帯年収890万円未満）/ 37200円（それ以上）,【児童発達支援】 療育: 粗大運動、微細運動、言語指導、音楽/リトミック、日常動作、SST 専門職: OT○、ST○、臨床心理士○ 個別療育あり 【費用】受給者証利用で月額上限4600円(世帯年収890万円未満)/ 37200円(それ以上)
風の子クラブ,埼玉県さいたま市中央区八王子4-1-21,048-858-0121,放課後デイ,平日月から金曜日と第一土曜日以外の 土曜日,平日１５：００～１７：３０ 土曜日１０：００～１７：００ 学校休業日：１０：００～１７：００,,粗大運動、微細運動、言語指導、音楽/リトミック、学習支援、日常動作、SST,,,トランポリン、バランスボール、ピアノ、和太鼓、ブランコ,受給者証利用で月額上限4600円（世帯年収890万円未満）/ 37200円（それ以上）,【放課後デイ】 療育: 粗大運動、微細運動、言語指導、音楽/リトミック、学習支援、日常動作、SST 【費用】受給者証利用で月額上限4600円(世帯年収890万円未満)/ 37200円(それ以上)
児童デイサービスtokotoko,埼玉県さいたま市中央区八王子4-7-15,048-856-0548,児童発達支援・放課後デイ,水～日,１１：３０～１７：３０,ST○、公認心理師◎、臨床心理士◎,粗大運動、微細運動、言語指導、音楽/リトミック、学習支援、日常動作、SST、掃除／作業／音楽,○,,トランポリン、ロクボク、バランスボールミニバスケットボール、ブランコ、ハンモック,受給者証利用で月額上限4600円（世帯年収890万円未満）/ 37200円（それ以上）,【児童発達支援・放課後デイ】 療育: 粗大運動、微細運動、言語指導、音楽/リトミック、学習支援、日常動作、SST、掃除/作業/音楽 専門職: ST○、公認心理師◎、臨床心理士◎ 個別療育あり 【費用】受給者証利用で月額上限4600円(世帯年収890万円未満)/ 37200円(それ以上)
児童デイ　太陽の子,埼玉県さいたま市中央区八王子5-2-14,048-711-1850,児童発達支援・放課後デイ,月～金,平日１４：００～１８：００ 学校休業日１０：００～１６：００,,粗大運動、微細運動、日常動作、ダンス／創作活動,○,,トランポリン、バランスボール、ボールプール,受給者証利用で月額上限4600円（世帯年収890万円未満）/ 37200円（それ以上）,【児童発達支援・放課後デイ】 療育: 粗大運動、微細運動、日常動作、ダンス/創作活動 個別療育あり 【費用】受給者証利用で月額上限4600円(世帯年収890万円未満)/ 37200円(それ以上)
放課後等デイサービス　ハッピー,埼玉県さいたま市中央区本町東4-17-6,048-853-2655,放課後デイ,月～金,１０：００～１６：００,,粗大運動、微細運動、言語指導、学習支援、日常動作、SST、同法人の運営する生活介護での作業を職業体験／日常生活訓練の調理／毎日公園運動,,,バランスボール、トランポリン、平均台,受給者証利用で月額上限4600円（世帯年収890万円未満）/ 37200円（それ以上）,【放課後デイ】 療育: 粗大運動、微細運動、言語指導、学習支援、日常動作、SST、同法人の運営する生活介護での作業を職業体験/日常生活訓練の調理/毎日公園運動 【費用】受給者証利用で月額上限4600円(世帯年収890万円未満)/ 37200円(それ以上)
放課後等デイサービス　ハッピーひまわり,埼玉県さいたま市中央区本町東4-17-6,048-853-2655,放課後デイ,月～金,１０：００～１６：００,,粗大運動、微細運動、言語指導、学習支援、日常動作、SST、同法人の運営する生活介護での作業を職業体験／日常生活訓練の調理／毎日公園運動,,,バランスボール、トランポリン、平均台,受給者証利用で月額上限4600円（世帯年収890万円未満）/ 37200円（それ以上）,【放課後デイ】 療育: 粗大運動、微細運動、言語指導、学習支援、日常動作、SST、同法人の運営する生活介護での作業を職業体験/日常生活訓練の調理/毎日公園運動 【費用】受給者証利用で月額上限4600円(世帯年収890万円未満)/ 37200円(それ以上)
アイビーキッズ南与野,埼玉県さいたま市中央区鈴谷2-621-6,048-767-6188,児童発達支援,火～土,平９：３０～１７：００ 土曜日９：３０～１７：００ 休業日９：３０～１７：００,OT◎,粗大運動、微細運動、言語指導、日常動作、SST,○,,サンライトスイング、チューブスイング、モンキースイング、タワーラダー、円盤ブランコ、トランポリン、丸形はしご,受給者証利用で月額上限4600円（世帯年収890万円未満）/ 37200円（それ以上）,【児童発達支援】 療育: 粗大運動、微細運動、言語指導、日常動作、SST 専門職: OT◎ 個別療育あり 【費用】受給者証利用で月額上限4600円(世帯年収890万円未満)/ 37200円(それ以上)
放課後等デイサービス　さくらぱれっと,埼玉県さいたま市中央区鈴谷3-12-15,048-859-5200,児童発達支援・放課後デイ,月～金,平日１２：００～１８：００ 土曜日１０：００～１６：００ 学校休業日１０：００～１６：００,,粗大運動、微細運動、言語指導、音楽/リトミック、学習支援、日常動作、SST、屋外体験活動／創作活動,,,多目的運動室、屋内ブランコ、ミニアスレチック、ミニトランポリン、プール設備（夏季のみ）,受給者証利用で月額上限4600円（世帯年収890万円未満）/ 37200円（それ以上）,【児童発達支援・放課後デイ】 療育: 粗大運動、微細運動、言語指導、音楽/リトミック、学習支援、日常動作、SST、屋外体験活動/創作活動 【費用】受給者証利用で月額上限4600円(世帯年収890万円未満)/ 37200円(それ以上)
さくらぱれっとアディション,埼玉県さいたま市中央区鈴谷4-5-21,048-858-0300,放課後デイ,月～土,平日１２：００～１８：００ 土曜日１０：００～１６：００ 学校休業日１０：００～１６：００,,粗大運動、微細運動、言語指導、音楽/リトミック、学習支援、日常動作、SST、屋外体験活動／創作活動／調理活動,,,多目的運動室、庭、プール設備（夏季のみ）、卓球台,受給者証利用で月額上限4600円（世帯年収890万円未満）/ 37200円（それ以上）,【放課後デイ】 療育: 粗大運動、微細運動、言語指導、音楽/リトミック、学習支援、日常動作、SST、屋外体験活動/創作活動/調理活動 【費用】受給者証利用で月額上限4600円(世帯年収890万円未満)/ 37200円(それ以上)
放課後等デイサービスまはろ　さいたま与野,埼玉県さいたま市中央区鈴谷7-6-1 コープ野村クローバーシティ与野壱号館1階,048-714-0356,放課後デイ,月～日,平日１４：００～：１８００ 土日祝１０：００～１６：００,OT◎,粗大運動、微細運動、音楽/リトミック、学習支援、日常動作、SST、ダンス／工作活動,,,トランポリン、バウンサ-,受給者証利用で月額上限4600円（世帯年収890万円未満）/ 37200円（それ以上）,【放課後デイ】 療育: 粗大運動、微細運動、音楽/リトミック、学習支援、日常動作、SST、ダンス/工作活動 専門職: OT◎ 【費用】受給者証利用で月額上限4600円(世帯年収890万円未満)/ 37200円(それ以上)
児童デイえがお与野,埼玉県さいたま市桜区栄和3-26-22,048-789-7003,児童発達支援・放課後デイ,月～日,（１）児童発達支援　　　　　　　　　　　　　　　　　　　　　　　　　　　　　　　　　　　　　　　　　　　　　　　　　　　　　　　　　　　　　　　　　　　　　　　　　　　　　　　　平日１２：００～１８：００ 土曜日・日曜日・祝日１０：００～１８：００ （２）放課後等デイサービス　　　　　　　　　　　　　　　　　　　　　　　　　　　　　　　　　　　　　　　　　　　　　　　　　　　　　　　　　　　　　　　　　　　　　　　　　　　　　　　　　　　　　　平日１４：００～１８：００ 土曜日・日曜日・祝日１０：００～１８：００ 学校休業日１０：００～１８：００,,粗大運動、微細運動、言語指導、音楽/リトミック、学習支援、日常動作、SST、公園活動　　　　　　　　　　　　　　　　　　／調理活動　　　　　　　　　　　　　　　　　　　／創作活動,○,,トランポリン、平均台、体操マット、バランスクッション、プロジェクター,受給者証利用で月額上限4600円（世帯年収890万円未満）/ 37200円（それ以上）,【児童発達支援・放課後デイ】 療育: 粗大運動、微細運動、言語指導、音楽/リトミック、学習支援、日常動作、SST、公園活動                  /調理活動                   /創作活動 個別療育あり 【費用】受給者証利用で月額上限4600円(世帯年収890万円未満)/ 37200円(それ以上)
児童デイサービスあさひ丸さくら,埼玉県さいたま市桜区桜田2-9-2 信田店舗事務所1F,048-711-2834,児童発達支援・放課後デイ,月～土,平日１２：００～１８：００ 土曜日９：００～１７：0０ 学校休業日：９：００～１７：００,,粗大運動、微細運動、音楽/リトミック、日常動作、リズム体操／調理活動／外出,,,トランポリン、ボールプールバランスボール、マット、すべり台,受給者証利用で月額上限4600円（世帯年収890万円未満）/ 37200円（それ以上）,【児童発達支援・放課後デイ】 療育: 粗大運動、微細運動、音楽/リトミック、日常動作、リズム体操/調理活動/外出 【費用】受給者証利用で月額上限4600円(世帯年収890万円未満)/ 37200円(それ以上)
プティ倶楽部　２号館,埼玉県さいたま市桜区上大久保206-1 中村ビル2F,048-711-3244,放課後デイ,月～土,平日１４：００～1８：００ 土曜日９：００～１７：００ 学校休業日９：００～１７：００,,粗大運動、微細運動、学習支援、日常動作、SST、調理活動(おやつレクレーション)／課外活動(公園遊び、博物館、畑など)／プログラミング教育活動(PC/タブレット),,,トランポリン、バランスボール、平均台、マット、鉄棒,受給者証利用で月額上限4600円（世帯年収890万円未満）/ 37200円（それ以上）,【放課後デイ】 療育: 粗大運動、微細運動、学習支援、日常動作、SST、調理活動(おやつレクレーション)/課外活動(公園遊び、博物館、畑など)/プログラミング教育活動(PC/タブレット) 【費用】受給者証利用で月額上限4600円(世帯年収890万円未満)/ 37200円(それ以上)
グローバルキッズメソッド６６,埼玉県さいたま市桜区上大久保502-1,048-816-4526,児童発達支援,月～土、祝日,平日８：００～１８：００ 土曜日８：００～１８：００ 学校休業日８：００～１８：００,,粗大運動、微細運動、言語指導、音楽/リトミック、日常動作、SST、ダンス／郊外活動／創作活動,○,,巧技台、トランポリン、平均台、すべり台、体操マット,受給者証利用で月額上限4600円（世帯年収890万円未満）/ 37200円（それ以上）,【児童発達支援】 療育: 粗大運動、微細運動、言語指導、音楽/リトミック、日常動作、SST、ダンス/郊外活動/創作活動 個別療育あり 【費用】受給者証利用で月額上限4600円(世帯年収890万円未満)/ 37200円(それ以上)
しびらきっず,埼玉県さいたま市桜区新開2-6-23 鴨川ハイツ101,048-711-7899,放課後デイ,月～土,平日１２:００～１７:３０ 土曜日祝日９:００～１７:００ 学校休業日９:００～１７:００,PT◎,粗大運動、微細運動、言語指導、日常動作、SST、調理活動／外出支援／宿泊支援,,,テント,受給者証利用で月額上限4600円（世帯年収890万円未満）/ 37200円（それ以上）,【放課後デイ】 療育: 粗大運動、微細運動、言語指導、日常動作、SST、調理活動/外出支援/宿泊支援 専門職: PT◎ 【費用】受給者証利用で月額上限4600円(世帯年収890万円未満)/ 37200円(それ以上)
ハッピーテラス浦和教室,埼玉県さいたま市桜区西堀8-27-9 ニュー氷川ハイツ1階,048-840-6587,放課後デイ,月～金,平日１３：３０～１９：００ 長期休暇９：００～１７：００,公認心理師◎、臨床心理士◎,SST,,,長椅子、椅子、ホワイトボード,受給者証利用で月額上限4600円（世帯年収890万円未満）/ 37200円（それ以上）,【放課後デイ】 療育: SST 専門職: 公認心理師◎、臨床心理士◎ 【費用】受給者証利用で月額上限4600円(世帯年収890万円未満)/ 37200円(それ以上)
児童デイサービスあさひ丸みらい,埼玉県さいたま市桜区西堀9-9-9,048-711-9981,児童発達支援・放課後デイ,月～土,平日１４：００～１８：００(放デイのみ) 土曜日９：００～１５：００　１１：００～１７；００ 学校休業日９：００～１５:００　１１：００～１７；００,公認心理師◎,微細運動、音楽/リトミック、日常動作、ダンス／創作活動,,,バランスボール、ストレッチポール,受給者証利用で月額上限4600円（世帯年収890万円未満）/ 37200円（それ以上）,【児童発達支援・放課後デイ】 療育: 微細運動、音楽/リトミック、日常動作、ダンス/創作活動 専門職: 公認心理師◎ 【費用】受給者証利用で月額上限4600円(世帯年収890万円未満)/ 37200円(それ以上)
児童デイ　太陽の歌,埼玉県さいたま市桜区大字塚本171,048-764-9902,児童発達支援・放課後デイ,月～土,平日１４：００～１８：００ 土曜日１０：００～１６：００ 学校休業日１０：００～１６：００,,粗大運動、微細運動、日常動作、ダンス／創作活動,○,,トランポリン、バランスボール、ボールプール、滑り台,受給者証利用で月額上限4600円（世帯年収890万円未満）/ 37200円（それ以上）,【児童発達支援・放課後デイ】 療育: 粗大運動、微細運動、日常動作、ダンス/創作活動 個別療育あり 【費用】受給者証利用で月額上限4600円(世帯年収890万円未満)/ 37200円(それ以上)
児童デイサービス　そらまめ,埼玉県さいたま市桜区町谷4-11-25,048-872-1333,放課後デイ,月～土,平日１１：００～１７：００ 土曜日１０：００～１６：００ 学校休業日１０：００～１６：００,,ダンス／調理教室／習字教室,,,,受給者証利用で月額上限4600円（世帯年収890万円未満）/ 37200円（それ以上）,【放課後デイ】 療育: ダンス/調理教室/習字教室 【費用】受給者証利用で月額上限4600円(世帯年収890万円未満)/ 37200円(それ以上)
さいたま市療育センター さくら草,埼玉県さいたま市桜区田島2-16-2,048-710-5811,児童発達支援,月～金,９：３０～１４：００ 水曜日は１３：３０まで,OT○,粗大運動、微細運動、音楽/リトミック、日常動作、SST、創作活動,○,,ボールプール、ホーススイング、トランポリン、バランスボール、巧技台,受給者証利用で月額上限4600円（世帯年収890万円未満）/ 37200円（それ以上）,【児童発達支援】 療育: 粗大運動、微細運動、音楽/リトミック、日常動作、SST、創作活動 専門職: OT○ 個別療育あり 【費用】受給者証利用で月額上限4600円(世帯年収890万円未満)/ 37200円(それ以上)
コペルプラス　西浦和教室,埼玉県さいたま市桜区田島5-24-15 タカラ第二ビル1階,048-872-9580,児童発達支援,日～土,１０：００～１８：００,精神保健福祉士◎,粗大運動、言語指導、日常動作、SST、創作活動／音楽活動／ゲーム,○,,トランポリン、鉄棒、平均台、ボールプール,受給者証利用で月額上限4600円（世帯年収890万円未満）/ 37200円（それ以上）,【児童発達支援】 療育: 粗大運動、言語指導、日常動作、SST、創作活動/音楽活動/ゲーム 専門職: 精神保健福祉士◎ 個別療育あり 【費用】受給者証利用で月額上限4600円(世帯年収890万円未満)/ 37200円(それ以上)
児童デイえがお,埼玉県さいたま市浦和区岸町2-5-13,048-789-7177,児童発達支援・放課後デイ,月～日,（１）児童発達支援　　　　　　　　　　　　　　　　　　　　　　　　　　　　　　　　　　　　　　　　　　　　　　　　　　　　　　　　　　　　　　　　　　　　　　　　　　　　　　　　平日１２：００～１８：００ 土曜日・日曜日・祝日１０：００～１８：００ （２）放課後等デイサービス　　　　　　　　　　　　　　　　　　　　　　　　　　　　　　　　　　　　　　　　　　　　　　　　　　　　　　　　　　　　　　　　　　　　　　　　　　　　　　　　　　　　　　平日１４：００～１８：００ 土曜日・日曜日・祝日１０：００～１８：００ 学校休業日：１０：００～１８：００,,粗大運動、微細運動、言語指導、音楽/リトミック、学習支援、日常動作、SST、公園活動／調理活動／創作活動,○,,すべり台、カラフルバルーン、プロジェクター,受給者証利用で月額上限4600円（世帯年収890万円未満）/ 37200円（それ以上）,【児童発達支援・放課後デイ】 療育: 粗大運動、微細運動、言語指導、音楽/リトミック、学習支援、日常動作、SST、公園活動/調理活動/創作活動 個別療育あり 【費用】受給者証利用で月額上限4600円(世帯年収890万円未満)/ 37200円(それ以上)
放課後等デイサービス　ひろば,埼玉県さいたま市浦和区駒場1-27-13 松井ビル101,048-677-7192,放課後デイ,月～金,平日１３：３０～１７：３０ 学校休業日１０：００～１６：００,,粗大運動、微細運動、音楽/リトミック、学習支援、日常動作、ダンス／創作活動,○,,トランポリン、バランスボール,受給者証利用で月額上限4600円（世帯年収890万円未満）/ 37200円（それ以上）,【放課後デイ】 療育: 粗大運動、微細運動、音楽/リトミック、学習支援、日常動作、ダンス/創作活動 個別療育あり 【費用】受給者証利用で月額上限4600円(世帯年収890万円未満)/ 37200円(それ以上)
体幹・脳幹・ＳＳＴソーシャルブレインズ　浦和西口教室,埼玉県さいたま市浦和区高砂3-10-4 八千代ビル3階,048-767-3142,放課後デイ,月～土,平日１５：００～１８：００ 土曜日１０：００～１６：００ 学校休業日１０：００～１６：００,,粗大運動、微細運動、言語指導、学習支援、日常動作、SST、チームビルディング／科学実験／工作,○,○,トランポリン、平均台,受給者証利用で月額上限4600円（世帯年収890万円未満）/ 37200円（それ以上）,【放課後デイ】 療育: 粗大運動、微細運動、言語指導、学習支援、日常動作、SST、チームビルディング/科学実験/工作 個別療育あり 親支援あり 【費用】受給者証利用で月額上限4600円(世帯年収890万円未満)/ 37200円(それ以上)
てらぴぁぽけっと与野駅前教室,埼玉県さいたま市浦和区上木崎1-9-19 エムズアインス4階,048-711-5505,児童発達支援,日～土,１０：００～１7：００,ST○、臨床心理士◎,粗大運動、音楽/リトミック、日常動作、SST,○,,トランポリン、平均台,受給者証利用で月額上限4600円（世帯年収890万円未満）/ 37200円（それ以上）,【児童発達支援】 療育: 粗大運動、音楽/リトミック、日常動作、SST 専門職: ST○、臨床心理士◎ 個別療育あり 【費用】受給者証利用で月額上限4600円(世帯年収890万円未満)/ 37200円(それ以上)
コペルプラス　与野教室,埼玉県さいたま市浦和区上木崎1-10-17 三村K2ビル2階,048-767-7207,児童発達支援,月～土,平日１０：００～１８：００ 土曜日１０：００～１８：００,,粗大運動、微細運動、言語指導、音楽/リトミック、学習支援、日常動作、SST、製作活動,○,,トランポリン、バランスボール、平均台、鉄棒,受給者証利用で月額上限4600円（世帯年収890万円未満）/ 37200円（それ以上）,【児童発達支援】 療育: 粗大運動、微細運動、言語指導、音楽/リトミック、学習支援、日常動作、SST、製作活動 個別療育あり 【費用】受給者証利用で月額上限4600円(世帯年収890万円未満)/ 37200円(それ以上)
放課後Ｄａｙ　体幹・脳幹を鍛える人財育成塾　ソーシャルブレインズ,埼玉県さいたま市浦和区上木崎4-9-11 横田ビル2階,048-711-3019,放課後デイ,月～土,平日１５：００～１８：００ 土曜日１０：００～１６：００ 学校休業日１０：００～１６：００,,粗大運動、微細運動、言語指導、学習支援、日常動作、SST、チームビルディング／科学実験／工作,○,○,トランポリン、平均台,受給者証利用で月額上限4600円（世帯年収890万円未満）/ 37200円（それ以上）,【放課後デイ】 療育: 粗大運動、微細運動、言語指導、学習支援、日常動作、SST、チームビルディング/科学実験/工作 個別療育あり 親支援あり 【費用】受給者証利用で月額上限4600円(世帯年収890万円未満)/ 37200円(それ以上)
放課後等デイサービス　ステップ・モモ,埼玉県さいたま市浦和区上木崎5-13-1,048-831-0744,放課後デイ,月～金,平日１４：００～１８：００ 学校休業日１０：００～１７：００,,学習支援、日常動作、SST、創作活動／戸外活動（公園遊び）,,,室内サーキット、バランスボール,受給者証利用で月額上限4600円（世帯年収890万円未満）/ 37200円（それ以上）,【放課後デイ】 療育: 学習支援、日常動作、SST、創作活動/戸外活動(公園遊び) 【費用】受給者証利用で月額上限4600円(世帯年収890万円未満)/ 37200円(それ以上)
ＹＭＣＡクローバークラブ,埼玉県さいたま市浦和区常盤9-19-6,048-834-0236,放課後デイ,火～土,平日１５：３０～１９：３０ 土曜日１０：００～１６：００ 学校休業日１０：００～１６：００,,SST、野外活動／調理活動／創作活動,,,,受給者証利用で月額上限4600円（世帯年収890万円未満）/ 37200円（それ以上）,【放課後デイ】 療育: SST、野外活動/調理活動/創作活動 【費用】受給者証利用で月額上限4600円(世帯年収890万円未満)/ 37200円(それ以上)
ビーポップ,埼玉県さいたま市浦和区神明2-14-5,048-824-8141,放課後デイ,月～土,月～土１０：００～１８：００,,粗大運動、微細運動、音楽/リトミック、SST,,,トランポリン、バランスボール、パラシュート、ゆらんこ、滑り台,受給者証利用で月額上限4600円（世帯年収890万円未満）/ 37200円（それ以上）,【放課後デイ】 療育: 粗大運動、微細運動、音楽/リトミック、SST 【費用】受給者証利用で月額上限4600円(世帯年収890万円未満)/ 37200円(それ以上)
みんなのアトリエ,埼玉県さいたま市浦和区大東3-23-6,048-829-7123,児童発達支援・放課後デイ,月～日,火～土・祝９：３０～１２：３０、１３：３０～１８：３０ 日・月９：３０～１２：３０、１３：３０～１６：３０,OT○,粗大運動、微細運動、音楽/リトミック、学習支援、日常動作、SST、創作と制作の活動／栽培の活動／食育の活動,○,,木の玉のボールプール、ブランコ、滑り台、ハンギングエッグチェア、中庭,受給者証利用で月額上限4600円（世帯年収890万円未満）/ 37200円（それ以上）,【児童発達支援・放課後デイ】 療育: 粗大運動、微細運動、音楽/リトミック、学習支援、日常動作、SST、創作と制作の活動/栽培の活動/食育の活動 専門職: OT○ 個別療育あり 【費用】受給者証利用で月額上限4600円(世帯年収890万円未満)/ 37200円(それ以上)
児童デイサービスやまざくら,埼玉県さいたま市浦和区大東3-40-11,048-764-8220,児童発達支援・放課後デイ,月～土,平日１０：００～１９：００ 土曜日９：３０～１８：３０ 学校休業日９：３０～１８：３０,公認心理師○、精神保健福祉士○,粗大運動、微細運動、音楽/リトミック、学習支援、日常動作、SST,,○,トランポリン、平均台,受給者証利用で月額上限4600円（世帯年収890万円未満）/ 37200円（それ以上）,【児童発達支援・放課後デイ】 療育: 粗大運動、微細運動、音楽/リトミック、学習支援、日常動作、SST 専門職: 公認心理師○、精神保健福祉士○ 親支援あり 【費用】受給者証利用で月額上限4600円(世帯年収890万円未満)/ 37200円(それ以上)
ハビー浦和駅東口教室,埼玉県さいたま市浦和区東高砂町6-14 東高砂ビル1階,048-762-7680,児童発達支援・放課後デイ,水～月,全日９：４５～１７：３０,ST○,粗大運動、微細運動、言語指導、日常動作、SST、認知機能訓練活動／課外活動,○,,トランポリン、ボールプール、バランスボール,受給者証利用で月額上限4600円（世帯年収890万円未満）/ 37200円（それ以上）,【児童発達支援・放課後デイ】 療育: 粗大運動、微細運動、言語指導、日常動作、SST、認知機能訓練活動/課外活動 専門職: ST○ 個別療育あり 【費用】受給者証利用で月額上限4600円(世帯年収890万円未満)/ 37200円(それ以上)
コペルプラス　浦和教室,埼玉県さいたま市浦和区東仲町25-5-1 バティマE6階・7階,048-762-7865,児童発達支援・放課後デイ,月～日,6F　１０：００～１８：００ 7F　放課後・学休日　１０：００～１８：００,精神保健福祉士◎,粗大運動、微細運動、言語指導、音楽/リトミック、学習支援、日常動作、SST,○,○,トランポリン、ボールプール、鉄棒、バランスストーン、平均台,受給者証利用で月額上限4600円（世帯年収890万円未満）/ 37200円（それ以上）,【児童発達支援・放課後デイ】 療育: 粗大運動、微細運動、言語指導、音楽/リトミック、学習支援、日常動作、SST 専門職: 精神保健福祉士◎ 個別療育あり 親支援あり 【費用】受給者証利用で月額上限4600円(世帯年収890万円未満)/ 37200円(それ以上)
TEENS北浦和,埼玉県さいたま市浦和区北浦和4-3-18 北浦和4-ビル4階,050-2018-3220,放課後デイ,月～日,月・金　　 １４：３０～１８：３０ 火・水・木 １０：３０～１８：３０ ※１２：３０～１４：３０を除く  土日祝　１０：００～１７：００ ※１２：３０～１３：３０を除く,公認心理師○,微細運動、学習支援、SST,○,,無,受給者証利用で月額上限4600円（世帯年収890万円未満）/ 37200円（それ以上）,【放課後デイ】 療育: 微細運動、学習支援、SST 専門職: 公認心理師○ 個別療育あり 【費用】受給者証利用で月額上限4600円(世帯年収890万円未満)/ 37200円(それ以上)
あおば,埼玉県さいたま市浦和区木崎1-9-28,048-627-4040,放課後デイ,月～金,平日１３：３０～１７：３０ 学校休業日１０：００～１６：００,,粗大運動、微細運動、学習支援、日常動作、調理活動／創作活動,○,,トランポリン、バランスボール,受給者証利用で月額上限4600円（世帯年収890万円未満）/ 37200円（それ以上）,【放課後デイ】 療育: 粗大運動、微細運動、学習支援、日常動作、調理活動/創作活動 個別療育あり 【費用】受給者証利用で月額上限4600円(世帯年収890万円未満)/ 37200円(それ以上)
さいたま市さくら草学園,埼玉県さいたま市浦和区領家1-5-16,048-886-5214,児童発達支援,月～金,平日９：００～１７：００,ST○、精神保健福祉士○,粗大運動、微細運動、言語指導、音楽/リトミック、日常動作、スイミング,,,ボールプール、バランスボール、巧技台、平均台、滑り台,受給者証利用で月額上限4600円（世帯年収890万円未満）/ 37200円（それ以上）,【児童発達支援】 療育: 粗大運動、微細運動、言語指導、音楽/リトミック、日常動作、スイミング 専門職: ST○、精神保健福祉士○ 【費用】受給者証利用で月額上限4600円(世帯年収890万円未満)/ 37200円(それ以上)
はばたき＆らんどおん,埼玉県さいたま市浦和区領家3-4-8,048-767-6210 / 048-711-6660,児童発達支援・放課後デイ,月～土,平日１４：００～１８：３０ 土曜日１０：００～１６：００ 学校休業日：１０：００～１６：００ 平日９：１５～１６：３０ 土曜（隔週）９：１５～１３：３０,公認心理師◎、臨床心理士○,粗大運動、微細運動、言語指導、音楽/リトミック、学習支援、日常動作、SST、食育／外出体験活動／戸外活動（散歩など）,,,鉄棒、トランポリン、バランスボール、ボールプール、滑り台,受給者証利用で月額上限4600円（世帯年収890万円未満）/ 37200円（それ以上）,【児童発達支援・放課後デイ】 療育: 粗大運動、微細運動、言語指導、音楽/リトミック、学習支援、日常動作、SST、食育/外出体験活動/戸外活動(散歩など) 専門職: 公認心理師◎、臨床心理士○ 【費用】受給者証利用で月額上限4600円(世帯年収890万円未満)/ 37200円(それ以上)
グローバルキッズメソッド７１,埼玉県さいたま市南区円正寺502-8,048-767-5283,児童発達支援,月～土、祝日,平日８：００～１８：００ 土曜日８：００～１８：００ 学校休業日８：００～１８：００,公認心理師○,粗大運動、微細運動、言語指導、音楽/リトミック、日常動作、SST、ダンス／郊外活動／創作活動,○,,巧技台、トランポリン、平均台、すべり台、体操マット,受給者証利用で月額上限4600円（世帯年収890万円未満）/ 37200円（それ以上）,【児童発達支援】 療育: 粗大運動、微細運動、言語指導、音楽/リトミック、日常動作、SST、ダンス/郊外活動/創作活動 専門職: 公認心理師○ 個別療育あり 【費用】受給者証利用で月額上限4600円(世帯年収890万円未満)/ 37200円(それ以上)
児童デイサービスあさひ丸リズム,埼玉県さいたま市南区曲本4-5-16,048-767-4888,児童発達支援・放課後デイ,月～土,平日１２：００～１８：００ 土曜日９：００～１７：００ 学校休業日９：００～１７：００,,粗大運動、微細運動、日常動作、パネルシアター,,,トランポリン、バランスボール、バランスボード、バランスホッピング、バランスストーン,受給者証利用で月額上限4600円（世帯年収890万円未満）/ 37200円（それ以上）,【児童発達支援・放課後デイ】 療育: 粗大運動、微細運動、日常動作、パネルシアター 【費用】受給者証利用で月額上限4600円(世帯年収890万円未満)/ 37200円(それ以上)
さくらアフタースクール南浦和,埼玉県さいたま市南区根岸4-15-4,048-799-2440,放課後デイ,月～土,平日１４：００～１７：３０ 土曜日１０：３０～１７：００ 学校休業日１０：３０～１７：００,,粗大運動、微細運動、音楽/リトミック、学習支援、日常動作、SST、ダンス／調理活動／創作活動,○,,トランポリン、バランスボール、平均台,受給者証利用で月額上限4600円（世帯年収890万円未満）/ 37200円（それ以上）,【放課後デイ】 療育: 粗大運動、微細運動、音楽/リトミック、学習支援、日常動作、SST、ダンス/調理活動/創作活動 個別療育あり 【費用】受給者証利用で月額上限4600円(世帯年収890万円未満)/ 37200円(それ以上)
体幹・脳幹・ＳＳＴソーシャルブレインズ武蔵浦和教室,埼玉県さいたま市南区根岸5-15-8 YKビル3階,048-789-7617,放課後デイ,月～水　　　　　　金～土,平日１５：００～１８：００ 土曜日１０：００～１６：００ 学校休業日１０：００～１６：００,精神保健福祉士◎,粗大運動、微細運動、言語指導、学習支援、日常動作、SST、チームビルディング／科学実験／工作,○,○,トランポリン、平均台,受給者証利用で月額上限4600円（世帯年収890万円未満）/ 37200円（それ以上）,【放課後デイ】 療育: 粗大運動、微細運動、言語指導、学習支援、日常動作、SST、チームビルディング/科学実験/工作 専門職: 精神保健福祉士◎ 個別療育あり 親支援あり 【費用】受給者証利用で月額上限4600円(世帯年収890万円未満)/ 37200円(それ以上)
ててスクール　武蔵浦和教室,埼玉県さいたま市南区四谷1-5-1 貴秋館202,048-845-7055,放課後デイ,月～土,平日１０：３０～１９：３０ 土曜日９：００～１８：００ 学校休業日９：００～１８：００,,学習支援、日常動作、創作活動／絵画制作,○,,,受給者証利用で月額上限4600円（世帯年収890万円未満）/ 37200円（それ以上）,【放課後デイ】 療育: 学習支援、日常動作、創作活動/絵画制作 個別療育あり 【費用】受給者証利用で月額上限4600円(世帯年収890万円未満)/ 37200円(それ以上)
放課後等デイサービス　ウィズ・ユー武蔵浦和,埼玉県さいたま市南区四谷2-5-11 一英ビル1階,048-708-5541,児童発達支援・放課後デイ,月～土,平日１３：３０～１７：３０ 土曜日１０：００～１６：００ 祝日・長期休暇１０：００～１６：００,,粗大運動、微細運動、言語指導、音楽/リトミック、学習支援、日常動作、SST、ダンス／調理活動／創作活動,○,,トランポリン、エアマット、バスケットゴール、バランスボール,受給者証利用で月額上限4600円（世帯年収890万円未満）/ 37200円（それ以上）,【児童発達支援・放課後デイ】 療育: 粗大運動、微細運動、言語指導、音楽/リトミック、学習支援、日常動作、SST、ダンス/調理活動/創作活動 個別療育あり 【費用】受給者証利用で月額上限4600円(世帯年収890万円未満)/ 37200円(それ以上)
児童デイサービスあさひ丸,埼玉県さいたま市南区鹿手袋6-7-19 1F,048-799-2113,児童発達支援・放課後デイ,月～土,平日１４：００～１８：００ 土曜日９：００～１６：００ 学校休業日：９：００～１６：００,,音楽/リトミック、日常動作、調理活動／園芸,,,花壇,受給者証利用で月額上限4600円（世帯年収890万円未満）/ 37200円（それ以上）,【児童発達支援・放課後デイ】 療育: 音楽/リトミック、日常動作、調理活動/園芸 【費用】受給者証利用で月額上限4600円(世帯年収890万円未満)/ 37200円(それ以上)
児童発達支援・放課後等デイサービス　ぼれろ,埼玉県さいたま市南区太田窪1987 クリーンハイツ南浦和1階,048-711-5067,児童発達支援・放課後デイ,月～金 第四土曜,【児童発達支援】 平日１０：００～１３：００、１４：００～１７：００ 土曜・学校休業日１０：００～１３：００、１４：００～１６：００ 【放課後等デイサービス】平日１０：００～１７：００ 土曜日１０：００～１６：００ 学校休業日１０：００～１６：００,公認心理師◎,粗大運動、微細運動、言語指導、音楽/リトミック、学習支援、日常動作、SST、創作活動／調理プログラム／タッチパネルを使用したソーシャルスキルトレーニング（運動活動）,○,,プロジェスチャー、運動用マット、パソコン,受給者証利用で月額上限4600円（世帯年収890万円未満）/ 37200円（それ以上）,【児童発達支援・放課後デイ】 療育: 粗大運動、微細運動、言語指導、音楽/リトミック、学習支援、日常動作、SST、創作活動/調理プログラム/タッチパネルを使用したソーシャルスキルトレーニング(運動活動) 専門職: 公認心理師◎ 個別療育あり 【費用】受給者証利用で月額上限4600円(世帯年収890万円未満)/ 37200円(それ以上)
キッズさくら草,埼玉県さいたま市南区大字太田窪3501-2,048-813-7426,放課後デイ,月～金,学校休業日以外１３：００～１７：００ 学校休業日１１：００～１７：００,PT○、公認心理師○,創作活動／動作法,,,,受給者証利用で月額上限4600円（世帯年収890万円未満）/ 37200円（それ以上）,【放課後デイ】 療育: 創作活動/動作法 専門職: PT○、公認心理師○ 【費用】受給者証利用で月額上限4600円(世帯年収890万円未満)/ 37200円(それ以上)
アフタースクール　わんぱく,埼玉県さいたま市南区大谷口5408,048-873-2828,放課後デイ,月～金,平日1４：００～１７：１５　　　　　　　　　　　　　　学校休業日９：３０～１５：３０,,粗大運動、微細運動、言語指導、音楽/リトミック、日常動作、SST、創作活動／作業活動／音楽,○,,ハンモック、トランポリン、バランスボール、卓球セット,受給者証利用で月額上限4600円（世帯年収890万円未満）/ 37200円（それ以上）,【放課後デイ】 療育: 粗大運動、微細運動、言語指導、音楽/リトミック、日常動作、SST、創作活動/作業活動/音楽 個別療育あり 【費用】受給者証利用で月額上限4600円(世帯年収890万円未満)/ 37200円(それ以上)
わんぱくキッズ,埼玉県さいたま市南区大谷口5651,048-762-8377,児童発達支援・放課後デイ,月～金,平日１０：００～１７：３０ 土曜日　休み 学校休業日：９：００～１８：００,OT○、公認心理師○,粗大運動、微細運動、言語指導、音楽/リトミック、学習支援、日常動作、SST、戸外活動／ダンス／創作活動,○,○,トランポリン、ボールプール、バランスボール、バランスボード,受給者証利用で月額上限4600円（世帯年収890万円未満）/ 37200円（それ以上）,【児童発達支援・放課後デイ】 療育: 粗大運動、微細運動、言語指導、音楽/リトミック、学習支援、日常動作、SST、戸外活動/ダンス/創作活動 専門職: OT○、公認心理師○ 個別療育あり 親支援あり 【費用】受給者証利用で月額上限4600円(世帯年収890万円未満)/ 37200円(それ以上)
児童デイサービスあさひ丸パーク,埼玉県さいたま市南区大谷場2-4-5 オークパレス103号室,048-711-7705,児童発達支援・放課後デイ,月～土・祝日,平日１２：００～１８：００ 土曜日・学校休業日９：００～１７：００,PT◎,粗大運動、微細運動、日常動作、SST、サーキット運動／製作活動／課外活動（お買い物・遠足など）,○,,鉄棒、トランポリン、ボールプール、バランスボール、ボルダリング,受給者証利用で月額上限4600円（世帯年収890万円未満）/ 37200円（それ以上）,【児童発達支援・放課後デイ】 療育: 粗大運動、微細運動、日常動作、SST、サーキット運動/製作活動/課外活動(お買い物・遠足など) 専門職: PT◎ 個別療育あり 【費用】受給者証利用で月額上限4600円(世帯年収890万円未満)/ 37200円(それ以上)
児童デイサービスあさひ丸ひろば第二,埼玉県さいたま市南区辻2-1-14,048-762-6725,児童発達支援・放課後デイ,月～土．祝,平日１２：００～１８：００ 土曜日/祝日９：００～１7：００ 学校休業日９：００～１7：００,OT○,粗大運動、微細運動、音楽/リトミック、日常動作、ダンス　　　　　　　　　　　　　　　　　　　　　　　　　創作活動,,,ブランコ、ボルダリング,受給者証利用で月額上限4600円（世帯年収890万円未満）/ 37200円（それ以上）,【児童発達支援・放課後デイ】 療育: 粗大運動、微細運動、音楽/リトミック、日常動作、ダンス                         創作活動 専門職: OT○ 【費用】受給者証利用で月額上限4600円(世帯年収890万円未満)/ 37200円(それ以上)
児童デイサービスあさひ丸ひろば,埼玉県さいたま市南区辻2-1-16,048-711-6461,児童発達支援・放課後デイ,月～土,平日１２：００～１８：００（児童発達支援）、　　　１４：００～１８：００（放課後等デイサービス） 土曜日・祝日９：００～１５：００または１１：００～１７：００ 学校休業日９：００～１５：００または１１：００～１７：００,,粗大運動、微細運動、音楽/リトミック、日常動作、ダンス／創作活動,,,トランポリン、ボルダリング、ブランコ,受給者証利用で月額上限4600円（世帯年収890万円未満）/ 37200円（それ以上）,【児童発達支援・放課後デイ】 療育: 粗大運動、微細運動、音楽/リトミック、日常動作、ダンス/創作活動 【費用】受給者証利用で月額上限4600円(世帯年収890万円未満)/ 37200円(それ以上)
児童デイサービスはる,埼玉県さいたま市南区内谷6-7-10-4,048-711-2300,児童発達支援・放課後デイ,月～金,９：００～１２：００ １４：００～１７：００,OT○,粗大運動、微細運動、言語指導、音楽/リトミック、学習支援、日常動作、SST,○,,マット、絵本、ブロック、積み木、絵カード,受給者証利用で月額上限4600円（世帯年収890万円未満）/ 37200円（それ以上）,【児童発達支援・放課後デイ】 療育: 粗大運動、微細運動、言語指導、音楽/リトミック、学習支援、日常動作、SST 専門職: OT○ 個別療育あり 【費用】受給者証利用で月額上限4600円(世帯年収890万円未満)/ 37200円(それ以上)
児童デイサービスまはろ南浦和,埼玉県さいたま市南区南浦和3-43-15,048-813-0001,放課後デイ,月～土、第2、第4の隔週日曜,平日１４：３０～１７：３０ 土曜日１１：００～１７：３０ 学校休業日１１：００～１７：３０,公認心理師◎,粗大運動、微細運動、音楽/リトミック、日常動作、SST、調理活動／創作活動／外出など,○,,トランポリン、平均台、バランスボール、バランスボード,受給者証利用で月額上限4600円（世帯年収890万円未満）/ 37200円（それ以上）,【放課後デイ】 療育: 粗大運動、微細運動、音楽/リトミック、日常動作、SST、調理活動/創作活動/外出など 専門職: 公認心理師◎ 個別療育あり 【費用】受給者証利用で月額上限4600円(世帯年収890万円未満)/ 37200円(それ以上)
放課後等デイサービスFlos,埼玉県さいたま市南区南本町1-5-9,048-844-1111,放課後デイ,月・水・木・金・土,月・水　午後２時～午後６時３０分まで 木・金　午後２時から午後６時まで 土　午前９時から午後６時まで 長期休暇期間も上記と同じく サービス提供日・時間外　年数回イベント有 ※２０２３年６月より変更予定 月・水・木・金午前１０時～午後６時３０分まで 土・日（１回程度/月）午前９時～午後６時まで,公認心理師◎、臨床心理士◎,粗大運動、微細運動、学習支援、日常動作、SST、不登校支援／保護者に心理的サポート／鍼灸体験会,○,,バランスボール,受給者証利用で月額上限4600円（世帯年収890万円未満）/ 37200円（それ以上）,【放課後デイ】 療育: 粗大運動、微細運動、学習支援、日常動作、SST、不登校支援/保護者に心理的サポート/鍼灸体験会 専門職: 公認心理師◎、臨床心理士◎ 個別療育あり 【費用】受給者証利用で月額上限4600円(世帯年収890万円未満)/ 37200円(それ以上)
てらぴぁぽけっと南浦和教室,埼玉県さいたま市南区南本町1-10-2 南本町ビル2階,048-767-8092,児童発達支援,月～土,平日１０：００～１７：００ 土曜日１０：００～１７：００ 祝日１０：００～１７：００,ST◎、公認心理師◎,粗大運動、微細運動、言語指導、日常動作、SST、創作活動,○,,トランポリン、平均台、バランスボード,受給者証利用で月額上限4600円（世帯年収890万円未満）/ 37200円（それ以上）,【児童発達支援】 療育: 粗大運動、微細運動、言語指導、日常動作、SST、創作活動 専門職: ST◎、公認心理師◎ 個別療育あり 【費用】受給者証利用で月額上限4600円(世帯年収890万円未満)/ 37200円(それ以上)
リッツジュニア,埼玉県さいたま市南区別所2-6-17,048-606-3983,児童発達支援・放課後デイ,水～月,９：４５～１７：３０,,粗大運動、微細運動、言語指導、音楽/リトミック、学習支援、日常動作、SST、ゲーム／ダンス／季節のイベント,○,○,トランポリン、平均台、バランスボール、電子ピアノ,受給者証利用で月額上限4600円（世帯年収890万円未満）/ 37200円（それ以上）,【児童発達支援・放課後デイ】 療育: 粗大運動、微細運動、言語指導、音楽/リトミック、学習支援、日常動作、SST、ゲーム/ダンス/季節のイベント 個別療育あり 親支援あり 【費用】受給者証利用で月額上限4600円(世帯年収890万円未満)/ 37200円(それ以上)
I Tryジュニア武蔵浦和,埼玉県さいたま市南区別所6-4-25 NKGビル1階,048-789-6490,児童発達支援・放課後デイ,日～月,平日１０：００～１７：３０ 土曜日９：３０～１５：３０ 学校休業日９：３０～１５：３０,公認心理師◎,学習支援、日常動作、SST、ゲーム療法／調理活動／遠足・社会科見学,○,,バランスストーン,受給者証利用で月額上限4600円（世帯年収890万円未満）/ 37200円（それ以上）,【児童発達支援・放課後デイ】 療育: 学習支援、日常動作、SST、ゲーム療法/調理活動/遠足・社会科見学 専門職: 公認心理師◎ 個別療育あり 【費用】受給者証利用で月額上限4600円(世帯年収890万円未満)/ 37200円(それ以上)
児童デイサービスはなみずき,埼玉県さいたま市緑区宮本2-19-27,048-712-6350,児童発達支援・放課後デイ,月～土,平日１３：００～１８：００ 土曜日１０：００～１７：００ 学校休業日１０：００～１７：００,,粗大運動、微細運動、音楽/リトミック、日常動作、SST、体幹ストレッチ／調理活動／創作活動,○,,,受給者証利用で月額上限4600円（世帯年収890万円未満）/ 37200円（それ以上）,【児童発達支援・放課後デイ】 療育: 粗大運動、微細運動、音楽/リトミック、日常動作、SST、体幹ストレッチ/調理活動/創作活動 個別療育あり 【費用】受給者証利用で月額上限4600円(世帯年収890万円未満)/ 37200円(それ以上)
放課後等デイサービス　ウィズ・ユーさいたま原山,埼玉県さいたま市緑区原山3-8-6,048-762-9373,児童発達支援・放課後デイ,月～土,平日１０：００～１７：３０ 土曜日１０：００～１６：００ 学校休業日１０：００～１６：００,,粗大運動、微細運動、言語指導、音楽/リトミック、学習支援、日常動作、SST、音楽活動／調理活動／アートセラピー,,○,トランポリン、バランスボール、平均台、ハードル、飛び石,受給者証利用で月額上限4600円（世帯年収890万円未満）/ 37200円（それ以上）,【児童発達支援・放課後デイ】 療育: 粗大運動、微細運動、言語指導、音楽/リトミック、学習支援、日常動作、SST、音楽活動/調理活動/アートセラピー 親支援あり 【費用】受給者証利用で月額上限4600円(世帯年収890万円未満)/ 37200円(それ以上)
アフタースクール　フォーワンズ・アイキッズ,埼玉県さいたま市緑区三室422-6 1階,048-749-1205,児童発達支援・放課後デイ,月～土,平日１３：３０～１７：３０ 土曜日１０：００～１６：３０ 学校休業日１０：００～１６：３０,,微細運動、音楽/リトミック、SST、ダンス／ヨガ／天神(Webラーニング),,,トランポリン,受給者証利用で月額上限4600円（世帯年収890万円未満）/ 37200円（それ以上）,【児童発達支援・放課後デイ】 療育: 微細運動、音楽/リトミック、SST、ダンス/ヨガ/天神(Webラーニング) 【費用】受給者証利用で月額上限4600円(世帯年収890万円未満)/ 37200円(それ以上)
こども未来支援みらいのボクら　にじ,埼玉県さいたま市緑区三室867-4,048-673-4933,児童発達支援,月～金,平日９：００～１５：００ 学校休業日９：００～１５：００,PT○、OT○、ST○、公認心理師○、臨床心理士○,粗大運動、微細運動、言語指導、学習支援、日常動作、SST、社会体験活動,○,,トランポリン、療育カード類、バランスボード,受給者証利用で月額上限4600円（世帯年収890万円未満）/ 37200円（それ以上）,【児童発達支援】 療育: 粗大運動、微細運動、言語指導、学習支援、日常動作、SST、社会体験活動 専門職: PT○、OT○、ST○、公認心理師○、臨床心理士○ 個別療育あり 【費用】受給者証利用で月額上限4600円(世帯年収890万円未満)/ 37200円(それ以上)
こども未来支援　みらいのボクら,埼玉県さいたま市緑区三室1342-2 齋藤マンション101,048-673-4933,児童発達支援・放課後デイ,月～金,平日１１：００～１７：００ 学校休業日１０：００～１６：００,PT○、OT○、ST○、公認心理師○、臨床心理士○,粗大運動、微細運動、言語指導、学習支援、日常動作、SST、社会体験活動,○,,トランポリン、平均台、バランスボード,受給者証利用で月額上限4600円（世帯年収890万円未満）/ 37200円（それ以上）,【児童発達支援・放課後デイ】 療育: 粗大運動、微細運動、言語指導、学習支援、日常動作、SST、社会体験活動 専門職: PT○、OT○、ST○、公認心理師○、臨床心理士○ 個別療育あり 【費用】受給者証利用で月額上限4600円(世帯年収890万円未満)/ 37200円(それ以上)
まなびじょん,埼玉県さいたま市緑区三室2400-8,090-8372-0296,放課後デイ,月～金,平日１４：３０～１７：３０ 学校休業日９：３０～１５：３０,,粗大運動、ビジョントレーニング／発達統合トレーニング,,,マット、トランポリン、バランスボール、平均台、スープリュームビジョン,受給者証利用で月額上限4600円（世帯年収890万円未満）/ 37200円（それ以上）,【放課後デイ】 療育: 粗大運動、ビジョントレーニング/発達統合トレーニング 【費用】受給者証利用で月額上限4600円(世帯年収890万円未満)/ 37200円(それ以上)
mana東うらわ,埼玉県さいたま市緑区松木3-26-29 ホームエージェントビル3F,048-816-4529,放課後デイ,月～金,平日１０：００～１９：００ 学校休業日９：００～１８：００,,粗大運動、微細運動、言語指導、学習支援、日常動作、SST、キッズピラティス／セカンドステップ／創作活動,○,,トランポリン,受給者証利用で月額上限4600円（世帯年収890万円未満）/ 37200円（それ以上）,【放課後デイ】 療育: 粗大運動、微細運動、言語指導、学習支援、日常動作、SST、キッズピラティス/セカンドステップ/創作活動 個別療育あり 【費用】受給者証利用で月額上限4600円(世帯年収890万円未満)/ 37200円(それ以上)
ててスクール　浦和教室,埼玉県さいたま市緑区太田窪1-1-3,048-711-8747,放課後デイ,月～土,平日１０：３０～１９：３０ 土曜日９：００～１８：００ 学校休業日９：００～１８：００,,学習支援、日常動作、創作活動／絵画制作,○,,,受給者証利用で月額上限4600円（世帯年収890万円未満）/ 37200円（それ以上）,【放課後デイ】 療育: 学習支援、日常動作、創作活動/絵画制作 個別療育あり 【費用】受給者証利用で月額上限4600円(世帯年収890万円未満)/ 37200円(それ以上)
児童デイあったまぁる緑,埼玉県さいたま市緑区大間木435-1,048-876-0841,放課後デイ,月～土,【児発】平日・土曜日１０：００～１６：００ 【放デイ】平日１３：３０～１７：３０ 　　　　　土曜日・学校休業日１０：００～１６：００,,音楽/リトミック、日常動作、SST、シナプソロジー,,,バランスボール,受給者証利用で月額上限4600円（世帯年収890万円未満）/ 37200円（それ以上）,【放課後デイ】 療育: 音楽/リトミック、日常動作、SST、シナプソロジー 【費用】受給者証利用で月額上限4600円(世帯年収890万円未満)/ 37200円(それ以上)
さいたま市大崎むつみの里第２事業所,埼玉県さいたま市緑区大崎37-1,048-878-2045,児童発達支援,月～金,９：００～１６：００,ST○、臨床心理士○,粗大運動、微細運動、言語指導、音楽/リトミック、日常動作,○,,トランポリン、巧技台、滑り台、バランスボール、ボールプール,受給者証利用で月額上限4600円（世帯年収890万円未満）/ 37200円（それ以上）,【児童発達支援】 療育: 粗大運動、微細運動、言語指導、音楽/リトミック、日常動作 専門職: ST○、臨床心理士○ 個別療育あり 【費用】受給者証利用で月額上限4600円(世帯年収890万円未満)/ 37200円(それ以上)
放課後デイサービス　ナナフシ,埼玉県さいたま市緑区大字三室704,048-708-4325,放課後デイ,月～金,平日９：３０～１７：３０ 学校休業日９：００～１７：００,,粗大運動、微細運動、言語指導、音楽/リトミック、学習支援、日常動作、SST、課外活動／地域との交流,○,○,トランポリン、バランスボール、ブランコ、砂場、畑,受給者証利用で月額上限4600円（世帯年収890万円未満）/ 37200円（それ以上）,【放課後デイ】 療育: 粗大運動、微細運動、言語指導、音楽/リトミック、学習支援、日常動作、SST、課外活動/地域との交流 個別療育あり 親支援あり 【費用】受給者証利用で月額上限4600円(世帯年収890万円未満)/ 37200円(それ以上)
児童デイ　みかんの家,埼玉県さいたま市緑区大字大間木231,048-876-3466,児童発達支援・放課後デイ,月～土,平日１０：００～１７：３０ 土曜日１０：００～１６：００ 学校休業日１０：００～１６：００,,粗大運動、微細運動、学習支援、日常動作、調理／創作,,,バランスボール,受給者証利用で月額上限4600円（世帯年収890万円未満）/ 37200円（それ以上）,【児童発達支援・放課後デイ】 療育: 粗大運動、微細運動、学習支援、日常動作、調理/創作 【費用】受給者証利用で月額上限4600円(世帯年収890万円未満)/ 37200円(それ以上)
おひさま,埼玉県さいたま市緑区中尾291-2,048-789-7497,児童発達支援・放課後デイ,月～土,平日１２：００～１８：００ 土曜日１０:００～１６:００ 学校休業日：１０:００～１７:００,,粗大運動、微細運動、言語指導、音楽/リトミック、学習支援、日常動作、SST、創作活動／作業指導,,,ピアノ、バランスボール、ボールプール、パラバルーン、楽器,受給者証利用で月額上限4600円（世帯年収890万円未満）/ 37200円（それ以上）,【児童発達支援・放課後デイ】 療育: 粗大運動、微細運動、言語指導、音楽/リトミック、学習支援、日常動作、SST、創作活動/作業指導 【費用】受給者証利用で月額上限4600円(世帯年収890万円未満)/ 37200円(それ以上)
Ｃｏｎｎｅｃｔ,埼玉県さいたま市緑区中尾291-2,048-753-9437,放課後デイ,月～金,平日１４：００～２０：３０ 学校休業日１０:００～１７:００,,粗大運動、微細運動、言語指導、音楽/リトミック、学習支援、日常動作、SST、創作活動／作業指導,,,問題集、パソコン、楽器,受給者証利用で月額上限4600円（世帯年収890万円未満）/ 37200円（それ以上）,【放課後デイ】 療育: 粗大運動、微細運動、言語指導、音楽/リトミック、学習支援、日常動作、SST、創作活動/作業指導 【費用】受給者証利用で月額上限4600円(世帯年収890万円未満)/ 37200円(それ以上)
児童デイあったまぁる東,埼玉県さいたま市緑区東浦和3-1-32-104,048-829-9245,児童発達支援・放課後デイ,月～土,平日１３：３０～１７：３０ 土曜日１０：００～１６：００ 学校休業日：１０：００～１６：００,,粗大運動、微細運動、学習支援、日常動作、e-sports／創作活動／教科学習,○,,ミニトランポリン,受給者証利用で月額上限4600円（世帯年収890万円未満）/ 37200円（それ以上）,【児童発達支援・放課後デイ】 療育: 粗大運動、微細運動、学習支援、日常動作、e-sports/創作活動/教科学習 個別療育あり 【費用】受給者証利用で月額上限4600円(世帯年収890万円未満)/ 37200円(それ以上)
療育発達支援スタジオCoreMore　Class東浦和,埼玉県さいたま市緑区東浦和4-1-8,048-762-6127,児童発達支援,月・火・木・金・土,９：３０～１７：１５,OT◎,粗大運動、微細運動、言語指導、音楽/リトミック、日常動作、SST、創作活動,○,,トランポリン、ボルダリング、スイング、平均台、鉄棒,受給者証利用で月額上限4600円（世帯年収890万円未満）/ 37200円（それ以上）,【児童発達支援】 療育: 粗大運動、微細運動、言語指導、音楽/リトミック、日常動作、SST、創作活動 専門職: OT◎ 個別療育あり 【費用】受給者証利用で月額上限4600円(世帯年収890万円未満)/ 37200円(それ以上)
jubico palette,埼玉県さいたま市緑区東浦和4-2-2 クレセントビル301号,048-711-6023,放課後デイ,火～土,平日１６：００～１９：００ 土曜日１０：３０～１６：３０ 学校休業日１０：３０～１６：３０,OT◎,微細運動、日常動作、SST、美術／手芸・工芸／PC・タブレット,,,陶芸ろくろ、レザークラフトツール、組みひも台、タフティングツール、デジタルアート,受給者証利用で月額上限4600円（世帯年収890万円未満）/ 37200円（それ以上）,【放課後デイ】 療育: 微細運動、日常動作、SST、美術/手芸・工芸/PC・タブレット 専門職: OT◎ 【費用】受給者証利用で月額上限4600円(世帯年収890万円未満)/ 37200円(それ以上)
ハッピーテラス東浦和教室,埼玉県さいたま市緑区東浦和4-33-14,048-762-3333,放課後デイ,月～土,平日１２：３０～１８：３０ 学校休業日１０：００～１６：００,公認心理師○、臨床心理士○、精神保健福祉士○,粗大運動、微細運動、学習支援、日常動作、SST、調理活動／創作活動,,,バランスボール,受給者証利用で月額上限4600円（世帯年収890万円未満）/ 37200円（それ以上）,【放課後デイ】 療育: 粗大運動、微細運動、学習支援、日常動作、SST、調理活動/創作活動 専門職: 公認心理師○、臨床心理士○、精神保健福祉士○ 【費用】受給者証利用で月額上限4600円(世帯年収890万円未満)/ 37200円(それ以上)
児童デイあったまぁる美園,埼玉県さいたま市緑区南部領辻3713-2,048-812-2777,放課後デイ,月～金 土（第2、第4）,平日１３：３０～１７：３０ 土曜日１０：００～１６：００ 学校休業日１０：００～１６：００,,日常動作,,,バランスボール,受給者証利用で月額上限4600円（世帯年収890万円未満）/ 37200円（それ以上）,【放課後デイ】 療育: 日常動作 【費用】受給者証利用で月額上限4600円(世帯年収890万円未満)/ 37200円(それ以上)
子ども発達支援センターつむぎ浦和美園,埼玉県さいたま市緑区美園3-3-6,048-767-4602,児童発達支援・放課後デイ,月～土,児童発達支援 ９：００～１７：００ 放課後等デイサービス 平日１２：００～１８：３０ 学校休業日９：００～１７：００,PT○、OT○、ST○、公認心理師○、臨床心理士○、臨床発達心理士○、精神保健福祉士○,粗大運動、微細運動、言語指導、音楽/リトミック、学習支援、日常動作、SST,○,○,巧技台、平均台、滑り台、プール、鉄棒など,受給者証利用で月額上限4600円（世帯年収890万円未満）/ 37200円（それ以上）,【児童発達支援・放課後デイ】 療育: 粗大運動、微細運動、言語指導、音楽/リトミック、学習支援、日常動作、SST 専門職: PT○、OT○、ST○、公認心理師○、臨床心理士○、臨床発達心理士○、精神保健福祉士○ 個別療育あり 親支援あり 【費用】受給者証利用で月額上限4600円(世帯年収890万円未満)/ 37200円(それ以上)
放課後等デイサービス　ウィズ・ユー岩槻上野,埼玉県さいたま市岩槻区上野1-6-11,048-795-4450,児童発達支援・放課後デイ,月～金,平日１０：３０～１７：３０ 長期休暇１０：００～１６：３０ 学校休業日１０：００～１６：３０,,粗大運動、微細運動、言語指導、音楽/リトミック、学習支援、日常動作、SST、運動療法（ダンス、リズム体操）／調理活動／創作活動,○,,ボルタリング、ボウリング、ボッチャ,受給者証利用で月額上限4600円（世帯年収890万円未満）/ 37200円（それ以上）,【児童発達支援・放課後デイ】 療育: 粗大運動、微細運動、言語指導、音楽/リトミック、学習支援、日常動作、SST、運動療法(ダンス、リズム体操)/調理活動/創作活動 個別療育あり 【費用】受給者証利用で月額上限4600円(世帯年収890万円未満)/ 37200円(それ以上)
にじいろクラスフラットいわつき,埼玉県さいたま市岩槻区城町2-9-39,090-4602-5050,放課後デイ,日～金,平日１４：００～１８：００ 日曜１０：００～１８：００ 学校休業日１０：００～１８：００,,粗大運動、微細運動、学習支援、日常動作、SST、ボール活動／スポーツ活動(バレー、サッカー・野球等)／ランニング活動(散歩、マラソン、おにごっこ等),○,○,プレイマット、バランスボール、縄跳び、ソフトボール、フリスビー,受給者証利用で月額上限4600円（世帯年収890万円未満）/ 37200円（それ以上）,【放課後デイ】 療育: 粗大運動、微細運動、学習支援、日常動作、SST、ボール活動/スポーツ活動(バレー、サッカー・野球等)/ランニング活動(散歩、マラソン、おにごっこ等) 個別療育あり 親支援あり 【費用】受給者証利用で月額上限4600円(世帯年収890万円未満)/ 37200円(それ以上)
ともだちの家スピカ,埼玉県さいたま市岩槻区城南1-2-69,048-731-8255,児童発達支援・放課後デイ,月～金,平日１０：００～１９：００ 土曜日９：３０～１８：３０ 学校休業日９：３０～１８：３０,,粗大運動、微細運動、日常動作、アート／創作活動,○,,トランポリン、ボールプール、回転いす、平均台、バランスストーン,受給者証利用で月額上限4600円（世帯年収890万円未満）/ 37200円（それ以上）,【児童発達支援・放課後デイ】 療育: 粗大運動、微細運動、日常動作、アート/創作活動 個別療育あり 【費用】受給者証利用で月額上限4600円(世帯年収890万円未満)/ 37200円(それ以上)
ちあふる,埼玉県さいたま市岩槻区城南5-8-8-1,048-795-6054,児童発達支援・放課後デイ,全日,平日１０：００～１３：００、１４：３０～１７：３０ 土曜日１０：００～１７：００ 学校休業日１０：００～１７：００,,微細運動、言語指導、音楽/リトミック、学習支援、日常動作、SST、ダンス／創作活動,,,ボルダリング、ボールプール、バランスボール、タブレット、平均台,受給者証利用で月額上限4600円（世帯年収890万円未満）/ 37200円（それ以上）,【児童発達支援・放課後デイ】 療育: 微細運動、言語指導、音楽/リトミック、学習支援、日常動作、SST、ダンス/創作活動 【費用】受給者証利用で月額上限4600円(世帯年収890万円未満)/ 37200円(それ以上)
総合発達支援デイサービスきぼう,埼玉県さいたま市岩槻区諏訪1-2-14 大双東岩槻ビル1F,048-884-8676,児童発達支援・放課後デイ,月～土,平日９：３０～１７：３０ 土・祝・学校休業日１０：００～１７：３０,PT○、精神保健福祉士○,粗大運動、微細運動、日常動作、SST、創作活動／調理活動,○,○,トランポリン、ハンモック、バランスボール、1本橋,受給者証利用で月額上限4600円（世帯年収890万円未満）/ 37200円（それ以上）,【児童発達支援・放課後デイ】 療育: 粗大運動、微細運動、日常動作、SST、創作活動/調理活動 専門職: PT○、精神保健福祉士○ 個別療育あり 親支援あり 【費用】受給者証利用で月額上限4600円(世帯年収890万円未満)/ 37200円(それ以上)
多機能型事業所わかくさ,埼玉県さいたま市岩槻区大字飯塚1198-2,048-798-4534,放課後デイ,月～日,平日：下校時～１７：３０ 学校休業日：１０：００～１６：００,,粗大運動、微細運動、言語指導、音楽/リトミック、日常動作、SST、パソコン操作／創作活動／調理活動,○,,トランポリン、ボールプール、バランスボール、ハンモック、自転車,受給者証利用で月額上限4600円（世帯年収890万円未満）/ 37200円（それ以上）,【放課後デイ】 療育: 粗大運動、微細運動、言語指導、音楽/リトミック、日常動作、SST、パソコン操作/創作活動/調理活動 個別療育あり 【費用】受給者証利用で月額上限4600円(世帯年収890万円未満)/ 37200円(それ以上)
障害福祉サービス事業所カーサ岩槻,埼玉県さいたま市岩槻区谷下1-1,048-749-2777,放課後デイ,月～金,１０：００～１７：００,,粗大運動、微細運動、音楽/リトミック、日常動作、遠足,○,,トランポリン、バランスボール、平均台,受給者証利用で月額上限4600円（世帯年収890万円未満）/ 37200円（それ以上）,【放課後デイ】 療育: 粗大運動、微細運動、音楽/リトミック、日常動作、遠足 個別療育あり 【費用】受給者証利用で月額上限4600円(世帯年収890万円未満)/ 37200円(それ以上)
工房ポルトス,埼玉県さいたま市岩槻区仲町1-12-16,048-749-5178,児童発達支援・放課後デイ,月～土,平日１０：００～１８：００ 土曜日１０：００～１８：００ 学校休業日：１０：００～１８：００,OT○、公認心理師◎、臨床心理士◎,粗大運動、微細運動、言語指導、音楽/リトミック、学習支援、日常動作、作業活動,○,○,ホール、グランド、平均台、トランポリン、バランスボール,受給者証利用で月額上限4600円（世帯年収890万円未満）/ 37200円（それ以上）,【児童発達支援・放課後デイ】 療育: 粗大運動、微細運動、言語指導、音楽/リトミック、学習支援、日常動作、作業活動 専門職: OT○、公認心理師◎、臨床心理士◎ 個別療育あり 親支援あり 【費用】受給者証利用で月額上限4600円(世帯年収890万円未満)/ 37200円(それ以上)
放課後等デイサービスきぼう東岩槻,埼玉県さいたま市岩槻区東岩槻2-5-8 塩澤ビル1F,048-797-6664,放課後デイ,月～土,平日１３：３０～１７：３０ 土・祝・学校休業日１０：００～１７：３０,OT○,粗大運動、微細運動、日常動作、SST、調理活動／社会体験／創作活動,○,○,大型ハンモック、トランポリン、バランスボール、１本橋,受給者証利用で月額上限4600円（世帯年収890万円未満）/ 37200円（それ以上）,【放課後デイ】 療育: 粗大運動、微細運動、日常動作、SST、調理活動/社会体験/創作活動 専門職: OT○ 個別療育あり 親支援あり 【費用】受給者証利用で月額上限4600円(世帯年収890万円未満)/ 37200円(それ以上)
manaいわつき,埼玉県さいたま市岩槻区本丸1-19-14,048-795-4117,児童発達支援・放課後デイ,月～金,９：００～１８：００,,粗大運動、微細運動、言語指導、音楽/リトミック、学習支援、日常動作、SST、キッズピラティス／セカンドステップ／創作活動,○,○,トランポリン、ボールプール、バランスボール,受給者証利用で月額上限4600円（世帯年収890万円未満）/ 37200円（それ以上）,【児童発達支援・放課後デイ】 療育: 粗大運動、微細運動、言語指導、音楽/リトミック、学習支援、日常動作、SST、キッズピラティス/セカンドステップ/創作活動 個別療育あり 親支援あり 【費用】受給者証利用で月額上限4600円(世帯年収890万円未満)/ 37200円(それ以上)
BOOK,埼玉県さいたま市岩槻区本町1-17-11,048-812-5892,児童発達支援・放課後デイ,月～土,平日８：３０～１８：００ 土曜日８：３０～１５：３０ 学校休業日８：３０～１８：００,OT○、ST○、公認心理師○、臨床心理士○,粗大運動、微細運動、学習支援、ダンス,○,,バランスボール,受給者証利用で月額上限4600円（世帯年収890万円未満）/ 37200円（それ以上）,【児童発達支援・放課後デイ】 療育: 粗大運動、微細運動、学習支援、ダンス 専門職: OT○、ST○、公認心理師○、臨床心理士○ 個別療育あり 【費用】受給者証利用で月額上限4600円(世帯年収890万円未満)/ 37200円(それ以上)
はぐみー,埼玉県さいたま市岩槻区本町2-2-38,048-797-8923,児童発達支援・放課後デイ,月～土,平日９：００～１７：１５ 土曜日９：００～１５：３０ 学校休業日９：００～１７：１５,ST◎、公認心理師◎,創作活動（工作）,○,,,受給者証利用で月額上限4600円（世帯年収890万円未満）/ 37200円（それ以上）,【児童発達支援・放課後デイ】 療育: 創作活動(工作) 専門職: ST◎、公認心理師◎ 個別療育あり 【費用】受給者証利用で月額上限4600円(世帯年収890万円未満)/ 37200円(それ以上)
こぱんはうすさくら岩槻教室,埼玉県さいたま市岩槻区本町4-10-8 佐藤ビル202号室・203号室,048-749-6077,児童発達支援・放課後デイ,月～日祝,【児童発達支援】 平日　１０：００～１３：００ 土日祝　１０：００～１６：００ 【放課後等デイサービス】 平日　　　～１７：００ 土日祝　１０：００～１６：００,PT○,粗大運動、微細運動、言語指導、音楽/リトミック、学習支援、日常動作、SST、創作活動／ダンス／外出,○,,トランポリン、バランスボール、平均台,受給者証利用で月額上限4600円（世帯年収890万円未満）/ 37200円（それ以上）,【児童発達支援・放課後デイ】 療育: 粗大運動、微細運動、言語指導、音楽/リトミック、学習支援、日常動作、SST、創作活動/ダンス/外出 専門職: PT○ 個別療育あり 【費用】受給者証利用で月額上限4600円(世帯年収890万円未満)/ 37200円(それ以上)
