緯度,経度,名称,住所,区,種別,電話番号,定員,保育時間,対象
35.88750101,139.5958357,明日香保育園,埼玉県さいたま市西区植田谷本316,西区,認可保育所,048-622-5586,110,7:30～19:30,57日～5歳
35.93312842,139.5951411,まみ保育園,埼玉県さいたま市西区内野本郷383-8,西区,認可保育所,048-673-0330,50,7:00～19:00,6か月～5歳
35.92667664,139.5678942,おうぎの森保育園,埼玉県さいたま市西区高木598,西区,認可保育所,048-625-7272,110,7:00～19:30,57日～5歳
35.92411086,139.5854195,あおぞら西保育園,埼玉県さいたま市西区宮前町695-2,西区,認可保育所,048-783-3755,90,7:30～19:30,6か月～5歳
35.90920351,139.5682417,西遊馬保育園,埼玉県さいたま市西区西遊馬771-11,西区,認可保育所,048-620-7879,90,7:15～19:15,57日～5歳
35.91414359,139.5927369,未来ほしの子保育園,埼玉県さいたま市西区三橋5-35,西区,認可保育所,048-625-2222,120,7:00～19:00,57日～5歳
35.92296101,139.5804131,西大宮どんぐり保育園,埼玉県さいたま市西区西大宮1-1-3,西区,認可保育所,048-783-3361,90,7:10～19:10,57日～5歳
35.91064025,139.5933527,野の花すみれ保育園,埼玉県さいたま市西区三橋5-641-3,西区,認可保育所,048-782-4386,40,7:00～19:00,120日～2歳
35.92816252,139.5804273,西大宮青藍保育園,埼玉県さいたま市西区西大宮3-25-5,西区,認可保育所,048-729-6726,80,7:00～19:00,57日～5歳
35.92390183,139.5726575,めいあい保育園,埼玉県さいたま市西区西大宮1-46-12,西区,認可保育所,048-729-7833,100,7:30～19:30,57日～5歳
35.93184294,139.5826109,アカツキ保育園,埼玉県さいたま市西区西大宮4-1-4,西区,認可保育所,048-657-8148,70,7:30～19:30,6か月～5歳
35.91696028,139.5914167,えがお三橋保育園,埼玉県さいたま市西区三橋6-654-2,西区,認可保育所,048-783-2480,100,7:00～19:00,6か月～5歳
35.92585173,139.5959558,くれよん保育園虹,埼玉県さいたま市西区宮前町1238,西区,認可保育所,048-778-9752,71,7:30～19:00,43日～5歳
35.92462,139.57668,西大宮はばたき保育園,埼玉県さいたま市西区西大宮3-9-3,西区,認可保育所,048-621-4350,80,7:00～19:00,57日～5歳
35.92671,139.58029,明日香西大宮保育園,埼玉県さいたま市西区西大宮3-19-6,西区,認可保育所,048-729-8456,60,7:30～19:30,57日～5歳
35.93085,139.58069,西大宮まりーな保育園,埼玉県さいたま市西区西大宮3-61-7,西区,認可保育所,048-621-3050,96,7:00～19:00,6か月～5歳
35.91521871,139.5803867,指扇はっぴー保育園,埼玉県さいたま市西区指扇1379-1,西区,認可保育所,048-623-0881,80,7:30～19:00,6か月～5歳
35.917522,139.561546,リトル百音保育園,埼玉県さいたま市西区宝来2196-8,西区,認可保育所,048-620-3351,75,7:30～19:30,57日～5歳
35.92451,139.576868,西大宮はっぴー保育園,埼玉県さいたま市西区西大宮3-9-2,西区,認可保育所,048-622-1881,80,7:30～19:00,6か月～5歳
35.926009,139.575232,保育園ハニーガーデン西大宮,埼玉県さいたま市西区西大宮2-2-2,西区,認可保育所,048-620-3232,90,7:30～19:00,57日～5歳
35.91516,139.584767,大宮三橋はばたき保育園,埼玉県さいたま市西区三橋6-1239-1,西区,認可保育所,048-658-9317,60,7:00～19:00,57日～5歳
35.93065784,139.6292724,ルアナ保育園土呂,埼玉県さいたま市北区土呂町1-9-1,北区,認可保育所,048-652-7700,77,7:00～19:00,57日～5歳
35.9579,139.59341,大宮さくら保育園,埼玉県さいたま市北区別所町98-6,北区,認可保育所,048-664-5054,60,7:30～19:30,1歳～5歳
35.94321,139.63049,本郷保育園,埼玉県さいたま市北区本郷町1328-1,北区,認可保育所,048-652-3440,110,7:00～19:30,57日～5歳
35.93042648,139.6329192,大宮つぼみ保育園,埼玉県さいたま市北区土呂町2-9-19,北区,認可保育所,048-668-5203,60,7:00～19:00,43日～5歳
35.94154,139.61447,ハーモニー保育園,埼玉県さいたま市北区宮原町2-39-16,北区,認可保育所,048-667-8655,45,7:00～18:30,6か月～5歳
35.94838716,139.618852,今羽保育園,埼玉県さいたま市北区吉野町1-19-1,北区,認可保育所,048-661-6011,60,7:00～19:30,57日～5歳
35.93688,139.61644,にじいろ保育園,埼玉県さいたま市北区宮原町1-475-7,北区,認可保育所,048-652-5400,90,7:30～20:30,57日～5歳
35.93217,139.60046,けやきの森保育園,埼玉県さいたま市北区日進町2-1519-1,北区,認可保育所,048-661-6525,90,7:30～19:30,43日～5歳
35.93801541,139.6039331,くすのき保育園,埼玉県さいたま市北区日進町3-543-3,北区,認可保育所,048-796-4901,60,7:30～19:30,57日～5歳
35.93843444,139.6261961,遊美保育園,埼玉県さいたま市北区本郷町106,北区,認可保育所,048-654-8714,80,7:30～19:30,57日～5歳
35.93671764,139.6197192,大宮むさしの保育園,埼玉県さいたま市北区宮原町1-430,北区,認可保育所,048-664-6659,83,7:30～19:30,90日～5歳
35.93242,139.60689,うぃず日進駅前保育園,埼玉県さいたま市北区日進町2-1859-1,北区,認可保育所,048-871-8457,110,7:00～19:30,57日～5歳
35.93349006,139.6318433,ゆうりん保育園,埼玉県さいたま市北区土呂町1-28-1,北区,認可保育所,048-699-0180,86,7:30～20:00,1歳～5歳
35.93725,139.61067,にじの星保育園,埼玉県さいたま市北区宮原町3-209-2,北区,認可保育所,048-871-6687,60,7:15～20:15,1歳～5歳
35.94813251,139.6098027,えがお保育園,埼玉県さいたま市北区宮原町4-83-5,北区,認可保育所,048-782-5500,90,7:00～19:00,5か月～5歳
35.93288,139.60855,大宮日進さくらんぼ保育園,埼玉県さいたま市北区日進町2-1914-7,北区,認可保育所,048-788-2820,90,7:00～20:00,90日～5歳
35.9432999,139.6091974,あい音保育園,埼玉県さいたま市北区宮原町4-3-9,北区,認可保育所,048-729-5831,90,7:15～19:15,6か月～5歳
35.93645,139.63115,大宮たんぽぽ保育園,埼玉県さいたま市北区土呂町1-46-1,北区,認可保育所,048-729-8788,90,7:15～19:15,57日～5歳
35.93068594,139.6304752,ゆうりん保育園分園,埼玉県さいたま市北区土呂町1-7-8,北区,認可保育所,048-699-2202,30,7:30～20:00,90日～3歳
35.91874,139.62411,東大成ひなた保育園,埼玉県さいたま市北区東大成町1-656-1,北区,認可保育所,048-729-6308,60,7:30～19:30,57日～5歳
35.93253902,139.6061002,うぐす保育園日進,埼玉県さいたま市北区日進町2-1746-3,北区,認可保育所,048-661-0880,60,7:30～19:30,57日～5歳
35.93294225,139.6277606,大宮みちのこ保育園,埼玉県さいたま市北区植竹町2-69-6,北区,認可保育所,048-788-1878,80,7:00～20:00,57日～5歳
35.93708,139.61896,まーぶる保育園,埼玉県さいたま市北区宮原町1-533-3,北区,認可保育所,048-778-8360,80,7:00～19:00,6か月～5歳
35.9473,139.60719,まーぶるゆうゆう保育園,埼玉県さいたま市北区宮原町4-94-3,北区,認可保育所,048-729-8730,90,7:00～19:00,6か月～5歳
35.95051043,139.6253684,こんばの森保育園,埼玉県さいたま市北区今羽町650-3,北区,認可保育所,048-782-7156,96,7:00～20:00,57日～5歳
35.92436364,139.6128356,みずほ保育園大宮大成,埼玉県さいたま市北区大成町4-453-2,北区,認可保育所,048-652-3240,50,7:00～19:00,57日～5歳
35.93707669,139.6070034,宮原西口クマさん保育所,埼玉県さいたま市北区日進町3-150,北区,認可保育所,048-662-8585,90,7:00～19:00,57日～5歳
35.93114752,139.6326722,とろポポロ保育園,埼玉県さいたま市北区土呂町2-9-10,北区,認可保育所,048-669-5210,45,7:00～20:00,57日～5歳
35.926419,139.628537,土呂クマさん保育所,埼玉県さいたま市北区盆栽町380-1,北区,認可保育所,048-662-0288,90,7:00～19:00,57日～5歳
35.90588,139.63971,白菊保育園,埼玉県さいたま市大宮区天沼町1-148-1,大宮区,認可保育所,048-643-0880,120,7:00～19:00,57日～5歳
35.91601601,139.6379637,もとの木保育園,埼玉県さいたま市大宮区堀の内町3-236-2,大宮区,認可保育所,048-650-0202,60,7:00～19:00,43日～5歳
35.89615658,139.6198325,桜花保育園,埼玉県さいたま市大宮区桜木町4-554-1,大宮区,認可保育所,048-782-8286,100,7:30～19:30,60日～5歳
35.91088,139.60823,らそ保育園,埼玉県さいたま市大宮区櫛引町1-574,大宮区,認可保育所,048-666-4149,80,7:30～19:30,1歳～5歳
35.90340834,139.6225161,あおぞらウィンクルム保育園,埼玉県さいたま市大宮区桜木町1-185-2のびのびプラザ大宮2階,大宮区,認可保育所,048-782-8716,90,7:00～20:00,6か月～5歳
35.90949,139.63789,太陽の子堀の内保育園,埼玉県さいたま市大宮区堀の内町1-178-1,大宮区,認可保育所,048-650-6611,70,7:30～20:00,57日～5歳
35.91492,139.61578,大成たいよう保育園,埼玉県さいたま市大宮区大成町2-161-1,大宮区,認可保育所,048-778-8615,80,7:30～19:30,43日～5歳
35.90916487,139.641843,みずほ保育園大宮天沼,埼玉県さいたま市大宮区天沼町1-505-2,大宮区,認可保育所,048-658-3240,60,7:30～19:30,43日～5歳
35.89710592,139.6326388,大宮すこやか保育園,埼玉県さいたま市大宮区吉敷町4-197-2,大宮区,認可保育所,048-640-1171,80,7:00～20:00,57日～5歳
35.89264104,139.645395,新都心ひなた保育園,埼玉県さいたま市大宮区北袋町2-343,大宮区,認可保育所,048-871-5881,90,7:30～19:30,57日～5歳
35.89623659,139.6200498,桜花第二保育園,埼玉県さいたま市大宮区桜木町4-570-1,大宮区,認可保育所,048-782-5963,90,7:30～19:30,6か月～5歳
35.92065349,139.617085,保育園ミルキーウェイ大成園,埼玉県さいたま市大宮区大成町3-280,大宮区,認可保育所,048-667-2340,60,7:15～20:15,57日～5歳
35.90356,139.61516,大宮西口ひなた保育園,埼玉県さいたま市大宮区桜木町4-928-1,大宮区,認可保育所,048-644-9227,90,7:30～19:30,57日～5歳
35.89852,139.61488,大宮ひなた保育園,埼玉県さいたま市大宮区上小町1146-2,大宮区,認可保育所,048-643-8004,120,7:30～19:30,57日～5歳
35.90571453,139.634428,ゆりかご保育園,埼玉県さいたま市大宮区東町1-222-1,大宮区,認可保育所,048-782-7420,67,7:00～19:00,57日～5歳
35.908872,139.641838,みずほ保育園天沼第２,埼玉県さいたま市大宮区天沼町1-504-3,大宮区,認可保育所,048-643-3240,90,7:30～19:30,57日～5歳
35.895053,139.639411,レインボーkids新都心,埼玉県さいたま市大宮区北袋町1-124-2,大宮区,認可保育所,048-658-9058,67,7:30～19:30,4か月～5歳
35.900159,139.629155,保育園ハニーガーデンさいたま新都心,埼玉県さいたま市大宮区吉敷町2-51-1,大宮区,認可保育所,048-641-4113,47,7:30～19:00,1歳～5歳
35.90340834,139.6225161,あおぞらウィンクルム保育園第２,埼玉県さいたま市大宮区桜木町1-185-2のびのびプラザ大宮1階,大宮区,認可保育所,048-871-6177,40,7:00～19:00,1歳～2歳
35.90033,139.635168,memorytree大宮保育園,埼玉県さいたま市大宮区吉敷町3-156,大宮区,認可保育所,048-650-5055,50,7:30～19:30,57日～5歳
35.896286,139.638636,彩の調保育園さいたま新都心東口,埼玉県さいたま市大宮区天沼町2-509-12,大宮区,認可保育所,048-644-3780,93,7:30～19:30,6か月～5歳
35.902236,139.6363,親愛大宮保育園,埼玉県さいたま市大宮区浅間町2-262-4,大宮区,認可保育所,048-776-9902,87,7:30～19:30,120日～5歳
35.90674673,139.6190289,大宮たいよう保育園,埼玉県さいたま市大宮区桜木町2-902,大宮区,認可保育所,048-641-0201,60,7:30～19:30,43日～5歳
35.91204609,139.6557813,あすなろ保育園,埼玉県さいたま市見沼区南中野582,見沼区,認可保育所,048-684-6132,110,7:30～19:30,57日～5歳
35.90972096,139.6868827,やまばと保育園,埼玉県さいたま市見沼区染谷2-203-1,見沼区,認可保育所,048-685-0846,60,7:30～19:30,57日～5歳
35.94719757,139.6423286,ふたば保育園,埼玉県さいたま市見沼区東大宮5-26-11,見沼区,認可保育所,048-685-7431,60,7:00～19:00,3か月～5歳
35.93020723,139.6479227,見沼あかね保育園,埼玉県さいたま市見沼区大和田町2-1218-9,見沼区,認可保育所,048-688-1110,60,7:00～19:00,3歳～5歳
35.91725474,139.6575695,ルミエール保育園,埼玉県さいたま市見沼区南中丸939-5,見沼区,認可保育所,048-683-1216,60,7:30～19:30,54日～5歳
35.95584,139.6618,アーバンみらい東大宮プライムキッズガーデン保育所,埼玉県さいたま市見沼区春野2-5-1,見沼区,認可保育所,048-682-7700,120,7:00～20:00,60日～5歳
35.94709864,139.6374236,アスク東大宮保育園,埼玉県さいたま市見沼区東大宮2-23-3,見沼区,認可保育所,048-661-5218,90,7:00～20:00,57日～5歳
35.92879517,139.6488012,まきば保育園,埼玉県さいたま市見沼区大和田町1-1343-1,見沼区,認可保育所,048-682-0002,60,7:30～19:30,43日～5歳
35.93648998,139.6693867,風渡野保育園,埼玉県さいたま市見沼区風渡野1-10-7,見沼区,認可保育所,048-682-2550,90,7:30～19:30,56日～5歳
35.94014,139.64584,ふたば夢保育園,埼玉県さいたま市見沼区東大宮7-70-11,見沼区,認可保育所,048-812-4126,90,7:00～19:00,3か月～5歳
35.91486268,139.6510787,きらめき保育園,埼玉県さいたま市見沼区南中野689-1,見沼区,認可保育所,048-682-5507,100,7:30～19:30,57日～5歳
35.93286,139.65247,大宮みぬま保育園,埼玉県さいたま市見沼区大和田町2-1633-1,見沼区,認可保育所,048-684-6568,100,7:30～19:30,90日～5歳
35.92142,139.66058,蓮沼保育園,埼玉県さいたま市見沼区蓮沼100-1,見沼区,認可保育所,048-699-1641,90,7:30～19:30,6か月～5歳
35.91262954,139.6556012,あすなろ若葉保育園,埼玉県さいたま市見沼区南中野605,見沼区,認可保育所,048-680-5335,90,7:30～19:30,57日～5歳
35.94728802,139.646386,きらら園,埼玉県さいたま市見沼区東大宮7-7-9,見沼区,認可保育所,048-682-0120,50,7:00～20:00,57日～5歳
35.93042,139.64844,見沼あかね保育園分園,埼玉県さいたま市見沼区大和田町2-1219-1,見沼区,認可保育所,048-688-2220,40,7:00～19:00,3か月～2歳
35.94890846,139.6383679,こどものしろ保育園,埼玉県さいたま市見沼区東大宮4-9-8,見沼区,認可保育所,048-767-7672,60,7:00～20:00,57日～5歳
35.92216,139.66118,はすぬま第二保育園,埼玉県さいたま市見沼区蓮沼1786-1,見沼区,認可保育所,048-715-1187,90,7:30～19:30,6か月～5歳
35.91564868,139.6556556,保育園ハニーガーデン,埼玉県さいたま市見沼区南中丸760,見沼区,認可保育所,048-793-4113,60,7:30～18:30,57日～5歳
35.92054242,139.6737385,七里めぐみ保育園,埼玉県さいたま市見沼区大谷1201,見沼区,認可保育所,048-796-7698,80,7:30～19:00,90日～5歳
35.94995,139.64113,保育園ミルキーウェイ東大宮園,埼玉県さいたま市見沼区東大宮5-40-1,見沼区,認可保育所,048-884-9624,90,7:15～20:15,57日～5歳
35.92744133,139.6563897,大和田とちのき保育園,埼玉県さいたま市見沼区大和田町1-2022,見沼区,認可保育所,048-684-5422,90,7:00～19:00,57日～5歳
35.94729,139.64183,きゃんばす東大宮保育園,埼玉県さいたま市見沼区東大宮5-26-1,見沼区,認可保育所,048-792-0142,89,7:00～20:00,57日～5歳
35.93695858,139.6678962,のぞみ保育園,埼玉県さいたま市見沼区風渡野633-3,見沼区,認可保育所,048-688-6716,50,7:30～19:00,90日～5歳
35.94695594,139.6370903,きらら西口園,埼玉県さいたま市見沼区東大宮2-22-13,見沼区,認可保育所,048-788-2856,36,7:00～19:30,57日～5歳
35.94699,139.650968,島こどものしろ保育園,埼玉県さいたま市見沼区島町552-1,見沼区,認可保育所,048-812-8915,90,7:00～20:00,90日～5歳
35.95136,139.65118,東大宮たいよう保育園,埼玉県さいたま市見沼区東大宮6-44-12,見沼区,認可保育所,048-686-6000,60,7:30～19:30,43日～5歳
35.91904,139.6631044,わかたけのもり保育園,埼玉県さいたま市見沼区南中野1130-1,見沼区,認可保育所,048-792-0681,42,7:30～19:00,1歳～5歳
35.9072669,139.6532818,さいたま南中野雲母保育園,埼玉県さいたま市見沼区南中野166-3,見沼区,認可保育所,048-731-8118,60,7:30～19:30,57日～5歳
35.88285,139.62039,与野ひなどり保育園,埼玉県さいたま市中央区本町西2-1-11,中央区,認可保育所,048-852-4202,90,7:30～19:30,43日～5歳
35.8992189,139.6207319,あおぞら保育園,埼玉県さいたま市中央区上落合8-11-20,中央区,認可保育所,048-857-8841,90,7:30～19:30,6か月～5歳
35.89606723,139.6072352,まどか保育園,埼玉県さいたま市中央区円阿弥7-10-9,中央区,認可保育所,048-855-3331,70,7:00～19:30,6か月～5歳
35.87751,139.62706,与野本町駅前保育所（愛称）おひさま保育園,埼玉県さいたま市中央区鈴谷9-5-18,中央区,認可保育所,048-840-1151,72,7:00～20:00,57日～5歳
35.8732858,139.6290486,ChaCha Children Suzuya,埼玉県さいたま市中央区鈴谷5-6-11,中央区,認可保育所,048-857-7101,90,7:30～19:30,57日～5歳
35.88589,139.62416,ゆめいろ保育園,埼玉県さいたま市中央区本町東4-1-5,中央区,認可保育所,048-840-5850,90,7:15～20:15,57日～5歳
35.89389428,139.6292357,そらいろ保育園,埼玉県さいたま市中央区上落合5-20-20,中央区,認可保育所,048-853-9000,45,7:15～20:15,57日～5歳
35.8635856,139.6326999,南よの虹保育園,埼玉県さいたま市中央区鈴谷1-18-6,中央区,認可保育所,048-858-1900,120,7:00～20:00,57日～5歳
35.89583758,139.626432,さいたまちとせ保育園,埼玉県さいたま市中央区上落合6-17-21,中央区,認可保育所,048-857-1115,70,7:15～20:15,57日～5歳
35.90177,139.62091,リトルやまゆり保育園,埼玉県さいたま市中央区上落合9-16-3,中央区,認可保育所,048-858-2500,100,7:30～19:00,57日～5歳
35.89369205,139.6318461,Gakkenほいくえんさいたま新都心,埼玉県さいたま市中央区新都心11-1JRさいたま新都心ビル1階,中央区,認可保育所,048-762-9242,60,7:00～20:00,57日～5歳
35.87658,139.63245,みずほ保育園与野新中里,埼玉県さいたま市中央区新中里3-14-6,中央区,認可保育所,048-851-3240,90,7:00～19:00,43日～5歳
35.86678795,139.6307885,小鳩保育園南与野,埼玉県さいたま市中央区鈴谷2-537-1,中央区,認可保育所,048-799-2831,90,7:00～20:00,57日～5歳
35.87908635,139.628382,リップル保育園鈴谷,埼玉県さいたま市中央区鈴谷9-10-6,中央区,認可保育所,048-767-4009,59,7:30～19:00,6か月～5歳
35.88695,139.62578,保育園ミルキーウェイインターナショナル新都心園,埼玉県さいたま市中央区下落合4-8-17,中央区,認可保育所,048-853-6900,65,7:15～20:15,57日～5歳
35.89208,139.61716,スキップ本町保育園,埼玉県さいたま市中央区本町東6-7-11,中央区,認可保育所,048-767-7988,60,7:00～19:00,6か月～5歳
35.88067514,139.6260529,保育園ミルキーウェイ与野本町園,埼玉県さいたま市中央区本町東1-14-5,中央区,認可保育所,048-851-8828,57,7:15～20:15,57日～5歳
35.89892,139.62445,インターナショナル保育所まぁむ大宮園,埼玉県さいたま市中央区上落合8-1-20,中央区,認可保育所,048-857-6220,49,7:00～19:30,57日～5歳
35.872741,139.632027,南与野たいよう保育園,埼玉県さいたま市中央区鈴谷5-15-8,中央区,認可保育所,048-856-0666,90,7:30～19:30,43日～5歳
35.882444,139.63869,与野クマさん保育所,埼玉県さいたま市中央区下落合1085-1,中央区,認可保育所,048-833-2611,90,7:00～19:00,57日～5歳
35.892473,139.629781,彩の調保育園さいたま新都心西口,埼玉県さいたま市中央区新都心5-2ポルト小池ビル1階,中央区,認可保育所,048-762-6808,51,7:30～19:30,6か月～5歳
35.889067,139.632754,リコリコ保育園,埼玉県さいたま市中央区上落合1-3-3,中央区,認可保育所,048-617-1101,60,7:30～19:30,1歳～5歳
35.869818,139.629617,つながりほいくえん,埼玉県さいたま市中央区鈴谷2-623-1,中央区,認可保育所,048-816-3884,39,7:30～19:30,57日～2歳
35.886214,139.623661,本町東マーガレット保育園,埼玉県さいたま市中央区本町東4-3-13,中央区,認可保育所,048-767-4473,81,7:30～19:30,6か月～5歳
35.876267,139.630097,はなまる保育園,埼玉県さいたま市中央区鈴谷6-13-12,中央区,認可保育所,048-857-1114,80,7:00～19:00,60日～5歳
35.8815,139.62811,ながれ星保育園与野本町,埼玉県さいたま市中央区下落合6-7-6,中央区,認可保育所,048-711-8202,28,7:30～19:00,6か月～5歳
35.85679793,139.6329141,浦和ひなどり保育園,埼玉県さいたま市桜区西堀2-6-26,桜区,認可保育所,048-861-8311,145,7:30～19:30,43日～5歳
35.85095,139.619,聖徳保育園,埼玉県さいたま市桜区新開2-17-13,桜区,認可保育所,048-862-1601,80,7:20～19:20,3か月～5歳
35.85666263,139.6266796,わらしべ保育園,埼玉県さいたま市桜区西堀5-5-3,桜区,認可保育所,048-862-3123,120,7:15～19:15,57日～5歳
35.87549484,139.6090706,ひまわりＤｏ・Ｄｏ保育園,埼玉県さいたま市桜区神田596-1,桜区,認可保育所,048-853-5770,110,7:10～19:10,57日～5歳
35.85446396,139.636467,菁莪保育園,埼玉県さいたま市桜区西堀1-11-1,桜区,認可保育所,048-865-4321,60,7:30～19:30,43日～5歳
35.86030976,139.6259286,若草保育園,埼玉県さいたま市桜区南元宿1-12-20,桜区,認可保育所,048-837-2666,30,7:30～18:30,2歳～5歳
35.87571992,139.6093484,ひまわりＤｏ・Ｄｏ第２保育園,埼玉県さいたま市桜区神田595-1,桜区,認可保育所,048-853-3232,60,7:10～19:10,57日～5歳
35.86481398,139.6145509,ニチイキッズさいたま保育園,埼玉県さいたま市桜区栄和5-15-39,桜区,認可保育所,048-851-0715,90,7:30～20:30,57日～5歳
35.86095,139.63519,わらしべ第二保育園,埼玉県さいたま市桜区西堀8-3-13,桜区,認可保育所,048-711-2885,90,7:15～19:15,6か月～5歳
35.84741615,139.6300587,たじま絆保育園,埼玉県さいたま市桜区田島3-13-4,桜区,認可保育所,048-711-5697,90,7:00～19:00,3か月～5歳
35.8490097,139.6326248,いちご桜保育園,埼玉県さいたま市桜区田島3-6-7,桜区,認可保育所,048-839-1717,60,7:30～19:30,43日～5歳
35.85753534,139.6366116,中浦和たいよう保育園,埼玉県さいたま市桜区西堀1-5-26,桜区,認可保育所,048-836-1212,90,7:30～19:30,57日～5歳
35.84992181,139.659914,エンゼル保育園,埼玉県さいたま市浦和区神明2-21-14,浦和区,認可保育所,048-822-8696,35,7:00～19:00,43日～2歳
35.88188556,139.6454186,ひまわり乳児保育園,埼玉県さいたま市浦和区針ヶ谷2-16-16,浦和区,認可保育所,048-827-0777,30,7:10～19:10,57日～2歳
35.87379,139.66408,椎の実保育園,埼玉県さいたま市浦和区瀬ヶ崎5-21-18,浦和区,認可保育所,048-887-2112,70,7:30～19:30,57日～5歳
35.87339689,139.6449106,うらわライトハウス保育園,埼玉県さいたま市浦和区北浦和3-8-9,浦和区,認可保育所,048-834-1711,80,7:30～19:30,57日～5歳
35.85679387,139.6549275,浦和たいよう保育園,埼玉県さいたま市浦和区高砂2-1-12,浦和区,認可保育所,048-789-7201,60,7:00～20:00,43日～5歳
35.86721661,139.6444572,常盤こころ保育園,埼玉県さいたま市浦和区常盤7-12-8,浦和区,認可保育所,048-824-5982,120,7:00～20:00,43日～5歳
35.85977634,139.6565124,Gakkenほいくえん浦和,埼玉県さいたま市浦和区高砂1-16-12,浦和区,認可保育所,048-871-2780,50,7:00～20:00,57日～5歳
35.85895076,139.6620499,スターチャイルド《浦和保育園》,埼玉県さいたま市浦和区東高砂町25-7,浦和区,認可保育所,048-871-0250,60,7:00～20:00,57日～5歳
35.87142,139.64839,北浦和駅前保育園,埼玉県さいたま市浦和区元町2-1-3ライオンズプラザ浦和元町シティ3階,浦和区,認可保育所,048-813-1177,100,7:00～20:00,56日～5歳
35.86028765,139.6499725,輝萌の森浦和園,埼玉県さいたま市浦和区仲町3-2-24,浦和区,認可保育所,048-678-4191,50,7:00～20:00,6か月～5歳
35.857,139.6642,Gakkenほいくえん浦和前地,埼玉県さいたま市浦和区前地2-8-17,浦和区,認可保育所,048-764-9632,70,7:00～20:00,57日～5歳
35.88900211,139.6384165,上木崎保育所,埼玉県さいたま市浦和区上木崎2-6-7,浦和区,認可保育所,048-823-7051,90,7:00～20:00,57日～5歳
35.86964106,139.6474177,うらわポポロ保育園,埼玉県さいたま市浦和区常盤9-15-19,浦和区,認可保育所,048-711-5456,80,7:00～20:00,57日～5歳
35.87151143,139.6405619,常盤たいよう保育園,埼玉県さいたま市浦和区常盤10-19-31,浦和区,認可保育所,048-814-3177,90,7:00～20:00,57日～5歳
35.8801594,139.6421387,うぃず針ヶ谷保育園,埼玉県さいたま市浦和区針ヶ谷1-4-14,浦和区,認可保育所,048-767-4297,60,7:30～19:30,57日～5歳
35.86406,139.64226,浦和いろは保育園,埼玉県さいたま市浦和区常盤8-15-9,浦和区,認可保育所,048-826-5407,100,7:00～20:00,57日～5歳
35.88606,139.63895,リップル保育園与野,埼玉県さいたま市浦和区上木崎1-3-5-1,浦和区,認可保育所,048-755-9229,70,7:30～19:00,9か月～5歳
35.87431,139.64734,ながれ星保育園北浦和,埼玉県さいたま市浦和区北浦和1-6-7,浦和区,認可保育所,048-762-7492,60,7:30～19:00,4か月～5歳
35.85811,139.65051,ふらっとセントラル保育園,埼玉県さいたま市浦和区高砂3-8-15高砂SSビル1・2階,浦和区,認可保育所,048-755-9877,50,7:30～19:30,6か月～5歳
35.88639731,139.6644395,木崎たいよう保育園,埼玉県さいたま市浦和区木崎5-19-7,浦和区,認可保育所,048-813-0009,90,7:00～19:00,43日～5歳
35.85573334,139.6461539,小鳩保育園高砂,埼玉県さいたま市浦和区高砂4-8-23,浦和区,認可保育所,048-710-5810,90,7:00～20:00,57日～5歳
35.8886,139.65207,浦和ひなた保育園,埼玉県さいたま市浦和区上木崎7-9-1,浦和区,認可保育所,048-799-2427,120,7:30～19:30,57日～5歳
35.86012,139.66699,保育園ナチュラル浦和園,埼玉県さいたま市浦和区前地3-16-15,浦和区,認可保育所,048-767-8308,75,7:30～19:30,57日～5歳
35.87259,139.65231,元町たいよう保育園,埼玉県さいたま市浦和区元町2-21-9,浦和区,認可保育所,048-813-0300,95,7:30～19:30,57日～5歳
35.87356078,139.6539693,うぐす保育園浦和元町,埼玉県さいたま市浦和区元町2-23-15,浦和区,認可保育所,048-885-0880,60,7:30～19:30,57日～5歳
35.86516956,139.6510397,アルタキッズ浦和常盤園,埼玉県さいたま市浦和区常盤2-11-23,浦和区,認可保育所,048-767-8316,78,7:30～19:00,57日～5歳
35.856583,139.654861,第二浦和たいよう保育園,埼玉県さいたま市浦和区岸町4-26-23,浦和区,認可保育所,048-825-7211,90,7:00～20:00,43日～5歳
35.865403,139.646116,浦和バプテスト保育園,埼玉県さいたま市浦和区常盤7-2-14,浦和区,認可保育所,048-832-9693,63,7:30～19:00,1歳～5歳
35.870529,139.644814,北浦和ひなた保育園,埼玉県さいたま市浦和区常盤9-21-9-2,浦和区,認可保育所,048-833-7777,90,7:30～19:30,57日～5歳
35.866879,139.661803,浦和本太はばたき保育園,埼玉県さいたま市浦和区本太5-12-16,浦和区,認可保育所,048-885-0766,60,7:00～19:00,57日～5歳
35.862176,139.664446,うぐす保育園浦和本太,埼玉県さいたま市浦和区本太1-9-6,浦和区,認可保育所,048-883-0880,90,7:30～19:30,57日～5歳
35.860517,139.657332,ピンクライオン保育園,埼玉県さいたま市浦和区東仲町9-6-3,浦和区,認可保育所,048-887-0666,90,7:30～19:30,57日～5歳
35.85902,139.64766,ラピスインターナショナル浦和園,埼玉県さいたま市浦和区仲町3-11-2 KYJﾋﾞﾙ1階,浦和区,認可保育所,048-832-3800,46,7:15～20:15,1歳～5歳
35.85867469,139.6764265,保育園萌夢,埼玉県さいたま市南区太田窪4-17-7,南区,認可保育所,048-885-8489,30,7:00～19:00,43日～5歳
35.84081798,139.6491606,武蔵浦和Ｊキッズステーション,埼玉県さいたま市南区白幡5-11-10,南区,認可保育所,048-710-6681,60,7:00～20:00,43日～5歳
35.84558201,139.6538033,こびとの森保育園,埼玉県さいたま市南区白幡3-4-17,南区,認可保育所,048-861-7368,90,7:00～20:00,57日～5歳
35.84011263,139.6495418,武蔵浦和桑の実保育園,埼玉県さいたま市南区白幡5-11-7,南区,認可保育所,048-838-9803,45,7:00～20:00,43日～5歳
35.85173994,139.67434,南浦和たいよう保育園,埼玉県さいたま市南区南浦和2-12-17,南区,認可保育所,048-813-6036,60,7:30～20:00,43日～5歳
35.84759579,139.6440575,スターチャイルド《みなみ保育園》,埼玉県さいたま市南区別所6-15-22,南区,認可保育所,048-872-1000,90,7:00～20:00,57日～5歳
35.83767,139.65617,いちご保育園,埼玉県さいたま市南区辻4-11-12,南区,認可保育所,048-789-7351,79,7:00～19:00,6か月～5歳
35.84845133,139.6384249,ゆめの樹保育園,埼玉県さいたま市南区鹿手袋4-17-22,南区,認可保育所,048-839-8888,90,7:15～20:15,57日～5歳
35.84388939,139.6368231,彩の森保育園,埼玉県さいたま市南区鹿手袋6-22-28,南区,認可保育所,048-866-8165,90,7:00～20:00,57日～5歳
35.84752,139.64291,Gakkenほいくえん武蔵浦和,埼玉県さいたま市南区別所6-19-8,南区,認可保育所,048-872-3201,80,7:00～20:00,1歳～5歳
35.85841284,139.6961028,向こころ保育園,埼玉県さいたま市南区大谷口5436-3,南区,認可保育所,048-875-1860,90,7:00～19:00,43日～5歳
35.8466429,139.6490699,アスクむさしうらわ保育園,埼玉県さいたま市南区別所7-1-12,南区,認可保育所,048-872-8107,60,7:00～20:00,57日～5歳
35.84388507,139.6685776,アートチャイルドケア南浦和,埼玉県さいたま市南区文蔵2-15-12,南区,認可保育所,048-710-6123,60,7:30～19:30,57日～5歳
35.86366099,139.6791337,いちご南保育園,埼玉県さいたま市南区大谷口717,南区,認可保育所,048-882-1234,120,7:00～19:00,6か月～5歳
35.85074,139.66649,さいたまたいよう保育園,埼玉県さいたま市南区南浦和1-22-15,南区,認可保育所,048-887-0606,80,7:30～19:30,43日～5歳
35.8591957,139.6916836,太陽の子大谷口保育園,埼玉県さいたま市南区大谷口2319-1,南区,認可保育所,048-712-0600,100,7:30～20:00,57日～5歳
35.85577612,139.6817043,保育園第二萌夢,埼玉県さいたま市南区大谷口1484-3,南区,認可保育所,048-884-7722,66,7:00～19:00,43日～5歳
35.84822294,139.6388976,ゆめの樹第二保育園,埼玉県さいたま市南区鹿手袋4-17-30,南区,認可保育所,048-711-1414,60,7:15～20:15,1歳～5歳
35.84812837,139.6727536,ゆめの星保育園,埼玉県さいたま市南区南浦和3-5-16MDビル2階、3階,南区,認可保育所,048-711-1154,90,7:15～20:15,57日～5歳
35.84774829,139.6719995,小鳩保育園南浦和,埼玉県さいたま市南区南浦和2-42-18,南区,認可保育所,048-871-1610,80,7:00～20:00,57日～5歳
35.8378,139.63972,さい桜保育園,埼玉県さいたま市南区曲本4-8-2,南区,認可保育所,048-865-0101,100,7:00～19:30,6か月～5歳
35.84827,139.64676,チャイルドスクエアむさしうらわ,埼玉県さいたま市南区別所6-4-12,南区,認可保育所,048-872-1717,60,7:15～20:15,57日～5歳
35.84287,139.6472,あおば保育園,埼玉県さいたま市南区沼影1-11-2スカイ＆ガーデンA棟1階,南区,認可保育所,048-863-9997,50,7:00～20:00,6か月～5歳
35.84873975,139.6667026,小鳩保育園南本町,埼玉県さいたま市南区南本町2-22-2,南区,認可保育所,048-833-5810,90,7:00～20:00,57日～5歳
35.85055176,139.6409498,コスモス保育園,埼玉県さいたま市南区鹿手袋3-1-7,南区,認可保育所,048-837-7999,60,7:15～20:15,57日～5歳
35.84569174,139.6422763,武蔵浦和クマさん保育所,埼玉県さいたま市南区鹿手袋5-4-5,南区,認可保育所,048-836-0011,80,7:30～19:30,57日～5歳
35.84964329,139.6416052,ゆめの駅保育園,埼玉県さいたま市南区鹿手袋3-15-2,南区,認可保育所,048-711-2245,90,7:15～20:15,57日～5歳
35.85264109,139.6415409,中浦和まりーな保育園,埼玉県さいたま市南区別所5-10-17,南区,認可保育所,048-836-0001,80,7:00～19:00,6か月～5歳
35.83664315,139.6527642,武蔵浦和ひなた保育園,埼玉県さいたま市南区白幡6-5-8,南区,認可保育所,048-767-3114,120,7:30～19:30,57日～5歳
35.83782599,139.6431164,いちごの里保育園,埼玉県さいたま市南区曲本5-10-6,南区,認可保育所,048-711-7120,50,7:00～19:00,6か月～5歳
35.84041636,139.6401655,保育園ミルキーウェイ武蔵浦和園,埼玉県さいたま市南区沼影1-36-30,南区,認可保育所,048-839-6355,60,7:00～19:00,57日～5歳
35.85646551,139.6837876,はれぞら保育園,埼玉県さいたま市南区太田窪3170,南区,認可保育所,048-767-7132,80,7:00～19:00,6か月～5歳
35.84937993,139.6423094,いちごの花保育園,埼玉県さいたま市南区鹿手袋3-15-13,南区,認可保育所,048-767-6116,60,7:00～19:00,3か月～5歳
35.85262061,139.6724069,南浦和ひなた保育園,埼玉県さいたま市南区南浦和1-29-14,南区,認可保育所,048-762-7037,60,7:30～19:30,57日～5歳
35.86689318,139.6781396,浦和メープル保育園,埼玉県さいたま市南区大谷口764-1,南区,認可保育所,048-711-8391,90,7:00～19:00,57日～5歳
35.84876826,139.6690641,ひろがり保育園・南浦和,埼玉県さいたま市南区南浦和2-25-1 2階,南区,認可保育所,048-767-7513,50,7:30～19:30,1歳～5歳
35.84385331,139.6465467,保育園ミルキーウェイラムザ園,埼玉県さいたま市南区沼影1-10-1ラムザタワー1階,南区,認可保育所,048-865-3468,60,7:15～20:15,57日～5歳
35.84723,139.64156,武蔵浦和さくら保育園,埼玉県さいたま市南区鹿手袋4-14-14,南区,認可保育所,048-767-8641,70,7:15～19:15,6か月～5歳
35.842998,139.660431,輝萌の森南浦和根岸園,埼玉県さいたま市南区根岸4-4-17,南区,認可保育所,048-838-4191,60,7:30～19:00,6か月～5歳
35.851896,139.673578,南浦和おおぞら保育園,埼玉県さいたま市南区南浦和2-10-11,南区,認可保育所,048-885-3300,90,7:00～19:00,43日～5歳
35.849384,139.674069,彩の調保育園南浦和　宙,埼玉県さいたま市南区南浦和3-15-10,南区,認可保育所,048-767-8116,90,7:30～19:30,6か月～5歳
35.839488,139.644954,さつき保育園,埼玉県さいたま市南区沼影2-9-8,南区,認可保育所,048-838-7774,60,7:00～19:00,180日～5歳
35.843709,139.641316,武蔵浦和たいよう保育園,埼玉県さいたま市南区鹿手袋5-12-4,南区,認可保育所,048-838-0300,63,7:30～19:30,43日～5歳
35.840816,139.673077,まなびの森保育園南浦和,埼玉県さいたま市南区文蔵3-20-17,南区,認可保育所,048-799-3922,60,7:00～20:00,57日～5歳
35.847642,139.644455,いちごの森保育園,埼玉県さいたま市南区別所6-15-16,南区,認可保育所,048-837-5935,60,7:00～18:30,3か月～5歳
35.84582075,139.6540521,こびとの森幼保園,埼玉県さいたま市南区白幡3-4-23,南区,認可保育所,048-836-2588,40,7:00～19:30,1歳～5歳
35.85834056,139.676886,保育園クレヨンハウス,埼玉県さいたま市南区太田窪4-17-16,南区,認可保育所,048-881-5070,76,7:00～19:00,43日～5歳
35.83804017,139.6446448,保育園NATURAL HOUSE武蔵浦和園,埼玉県さいたま市南区曲本5-8-3-103,南区,認可保育所,048-762-8817,39,7:30～19:30,57日～5歳
35.84496,139.66776,彩の調保育園南浦和　空,埼玉県さいたま市南区南本町1-11-19,南区,認可保育所,048-816-9496,93,7:30～19:30,6か月～5歳
35.84467199,139.6457172,ラピスインターナショナル武蔵浦和園,埼玉県さいたま市南区沼影1-8-1プラウドシティ武蔵浦和ステーションアリーナ2F,南区,認可保育所,048-767-6520,69,7:15～20:15,57日～5歳
35.84087075,139.672255,南浦和文蔵はばたき保育園,埼玉県さいたま市南区文蔵3-38-6,南区,認可保育所,048-838-6200,60,7:00～19:00,57日～5歳
35.8710667,139.679323,エンゼル麗保育園,埼玉県さいたま市緑区中尾181,緑区,認可保育所,048-874-2608,96,7:00～19:00,43日～5歳
35.88572307,139.692145,こぐま保育園,埼玉県さいたま市緑区宮本2-7-18,緑区,認可保育所,048-873-0558,78,7:30～19:30,57日～5歳
35.86967,139.6998,東浦和みどり保育園,埼玉県さいたま市緑区東浦和4-30-1,緑区,認可保育所,048-874-1719,128,7:00～19:00,43日～5歳
35.88096935,139.6846955,松木保育園,埼玉県さいたま市緑区松木1-19-21,緑区,認可保育所,048-810-5237,60,7:30～19:30,56日～5歳
35.87685333,139.6912277,めだか保育園,埼玉県さいたま市緑区大間木3-10-10,緑区,認可保育所,048-795-8011,60,7:30～19:30,57日～5歳
35.88914437,139.7311989,あいう園美園浦和美園駅前保育園,埼玉県さいたま市緑区美園5-51-2,緑区,認可保育所,048-878-7733,90,7:00～19:30,2か月～5歳
35.89565092,139.7304882,みう保育園,埼玉県さいたま市緑区美園4-5-27,緑区,認可保育所,048-878-1888,60,7:00～19:00,57日～5歳
35.87998958,139.6882992,けやきの森保育園芝原園,埼玉県さいたま市緑区芝原1-12-2,緑区,認可保育所,048-810-5505,80,7:30～19:30,43日～5歳
35.8678,139.70149,東浦和たいよう保育園,埼玉県さいたま市緑区東浦和4-14-1,緑区,認可保育所,048-873-2222,80,7:30～19:30,43日～5歳
35.88969511,139.7348233,あいう園浦和美園ウィングシティ保育園,埼玉県さいたま市緑区美園5-49-13,緑区,認可保育所,048-812-6755,80,7:00～19:30,2か月～5歳
35.88469668,139.6797839,保育園ナチュラル,埼玉県さいたま市緑区三室1964-4,緑区,認可保育所,048-829-7793,110,7:30～19:30,57日～5歳
35.87124686,139.7052501,第２東浦和みどり保育園,埼玉県さいたま市緑区東浦和7-20-11,緑区,認可保育所,048-826-5358,70,7:00～19:00,43日～5歳
35.87734079,139.6720159,るい保育園,埼玉県さいたま市緑区道祖土3-13-3,緑区,認可保育所,048-767-3839,90,7:15～19:15,57日～5歳
35.86821336,139.6663643,ふらっと保育園,埼玉県さいたま市緑区原山2-3-26,緑区,認可保育所,048-789-6655,110,7:00～20:00,6か月～5歳
35.89459478,139.7263417,ブライト保育園浦和美園,埼玉県さいたま市緑区下野田509,緑区,認可保育所,048-812-0190,90,7:00～20:00,6か月～5歳
35.89833,139.72935,きらり遊愛保育園,埼玉県さいたま市緑区美園3-8-3,緑区,認可保育所,048-762-6712,60,7:15～19:15,57日～5歳
35.89372314,139.7242481,美園にじのこ保育園,埼玉県さいたま市緑区下野田450,緑区,認可保育所,048-799-3535,60,7:00～19:00,57日～5歳
35.87525948,139.689667,みらい保育園,埼玉県さいたま市緑区大間木2-25-26,緑区,認可保育所,048-873-3363,100,7:30～19:30,57日～5歳
35.89662042,139.7281707,浦和みその保育園,埼玉県さいたま市緑区美園4-16-1,緑区,認可保育所,048-767-4465,120,7:00～19:00,90日～5歳
35.88991429,139.6684366,くまの子倶楽部三室保育園本館,埼玉県さいたま市緑区三室496-1,緑区,認可保育所,048-875-6067,90,7:30～19:30,6か月～5歳
35.89971219,139.723449,きらりつばさ保育園,埼玉県さいたま市緑区美園3-29-6,緑区,認可保育所,048-711-1808,90,7:00～19:00,57日～5歳
35.89900874,139.7272991,遍照浦和美園保育園,埼玉県さいたま市緑区美園3-10-16,緑区,認可保育所,048-812-2244,60,7:00～19:00,57日～5歳
35.88671672,139.7380982,保育園大きなぞうさん,埼玉県さいたま市緑区美園6-7-18,緑区,認可保育所,048-753-9883,90,7:00～19:00,3か月～5歳
35.88047,139.73482,ステラさいたま大門保育園,埼玉県さいたま市緑区大門1223-1,緑区,認可保育所,048-762-8282,90,7:00～20:00,57日～5歳
35.86345,139.70415,つばき保育園,埼玉県さいたま市緑区東浦和1-13-5,緑区,認可保育所,048-873-8882,90,7:00～19:00,6か月～5歳
35.89113598,139.7294353,アルタキッズ美園駅前園,埼玉県さいたま市緑区下野田8,緑区,認可保育所,048-711-3152,78,7:30～19:00,57日～5歳
35.87394049,139.6915387,チャイルドルーム,埼玉県さいたま市緑区大間木2-13-5,緑区,認可保育所,048-875-4130,60,7:30～19:30,6か月～5歳
35.87366,139.6929,ブルーエレファント保育園,埼玉県さいたま市緑区大間木785,緑区,認可保育所,048-712-4777,90,7:30～19:30,57日～5歳
35.87601,139.6787,保育園大きなぞうさん浦和中尾,埼玉県さいたま市緑区中尾3725,緑区,認可保育所,048-810-6688,80,7:00～19:00,3か月～5歳
35.86804,139.70563,マロカル保育園,埼玉県さいたま市緑区東浦和5-27-4,緑区,認可保育所,048-762-6682,80,7:00～20:00,57日～5歳
35.89848,139.72633,アルタキッズ美園東園,埼玉県さいたま市緑区美園3-17-6,緑区,認可保育所,048-755-9479,78,7:30～19:00,57日～5歳
35.89115,139.73305,小鳩保育園美園,埼玉県さいたま市緑区美園5-48-1,緑区,認可保育所,048-878-0600,78,7:00～20:00,57日～5歳
35.90063,139.721887,あけみ保育園,埼玉県さいたま市緑区美園2-16-7,緑区,認可保育所,048-767-7770,90,7:30～19:00,6か月～5歳
35.86782738,139.668601,浦和あかつき保育園,埼玉県さいたま市緑区原山1-12-19,緑区,認可保育所,048-813-1160,90,7:30～19:30,57日～5歳
35.88338925,139.7419221,フラワー大門保育園,埼玉県さいたま市緑区東大門3-15-8,緑区,認可保育所,048-812-0710,60,7:00～19:00,6か月～5歳
35.88218,139.73584,さいたまひなた保育園,埼玉県さいたま市緑区大門1278,緑区,認可保育所,048-829-7261,63,7:30～19:30,57日～5歳
35.89550439,139.7253675,認可保育園みその春風,埼玉県さいたま市緑区南部領辻円城寺4079,緑区,認可保育所,048-799-2207,60,7:00～19:00,6か月～5歳
35.86835377,139.6978276,クオリスキッズ東浦和保育園,埼玉県さいたま市緑区東浦和3-31-8,緑区,認可保育所,048-767-7982,60,7:30～19:30,57日～5歳
35.94795956,139.7068242,たちばな保育園,埼玉県さいたま市岩槻区太田1-10-19,岩槻区,認可保育所,048-756-1275,60,7:00～19:00,6か月～5歳
35.95877192,139.7032098,岩槻保育園,埼玉県さいたま市岩槻区宮町2-10-3,岩槻区,認可保育所,048-756-3350,96,7:00～19:00,3か月～5歳
35.92990877,139.7304606,東武保育園,埼玉県さいたま市岩槻区飯塚624,岩槻区,認可保育所,048-798-5632,90,7:00～19:00,3か月～5歳
35.97168393,139.7102563,岩槻さくら保育園,埼玉県さいたま市岩槻区表慈恩寺725-2,岩槻区,認可保育所,048-794-6888,120,7:30～19:30,3か月～5歳
35.96509034,139.7078573,東岩槻保育園,埼玉県さいたま市岩槻区東岩槻2-4-6,岩槻区,認可保育所,048-794-7452,60,7:30～19:30,57日～5歳
35.94264476,139.7142837,東武第二保育園,埼玉県さいたま市岩槻区府内2-27-48,岩槻区,認可保育所,048-798-4450,80,7:00～19:00,3か月～5歳
35.96732819,139.6741655,かわいデイナースリー保育園,埼玉県さいたま市岩槻区平林寺487,岩槻区,認可保育所,048-757-2777,120,7:00～19:00,57日～5歳
35.89512691,139.7379081,リズム保育園,埼玉県さいたま市岩槻区釣上新田1425-3,岩槻区,認可保育所,048-798-3535,45,7:30～19:00,6か月～5歳
35.89553761,139.7384282,きらり保育園,埼玉県さいたま市岩槻区釣上新田1428,岩槻区,認可保育所,048-812-4850,60,7:00～19:00,57日～5歳
35.89600524,139.7346209,美園リズム保育園,埼玉県さいたま市岩槻区釣上新田695,岩槻区,認可保育所,048-797-2966,120,7:30～19:00,6か月～5歳
35.95149944,139.6908691,おひさま保育園岩槻,埼玉県さいたま市岩槻区西町2-5-12,岩槻区,認可保育所,048-797-8807,60,7:00～19:30,57日～5歳
35.89881471,139.7338793,きらり白妙保育園,埼玉県さいたま市岩槻区美園東1-6-11,岩槻区,認可保育所,048-872-7050,60,7:00～19:00,57日～5歳
35.89905862,139.7352438,浦和美園まりーな保育園,埼玉県さいたま市岩槻区美園東1-12-5,岩槻区,認可保育所,048-791-3255,70,7:00～19:00,6か月～5歳
35.90788,139.57466,バンビっこ保育園,埼玉県さいたま市西区西遊馬426-1,西区,小規模保育,048-788-2747,19,7:30～19:30,3か月～2歳
35.91704,139.56631,あそびのてんさい指扇保育園,埼玉県さいたま市西区指扇2637-1,西区,小規模保育,048-782-9780,19,7:30～19:30,57日～2歳
35.92026,139.58621,バンビっこ西大宮保育園,埼玉県さいたま市西区三橋6-1647-18,西区,小規模保育,048-708-2749,19,7:30～19:30,3か月～2歳
35.9215,139.58023,あそびのてんさい西大宮保育園,埼玉県さいたま市西区指扇3615エムウッドグラーツィアビル101号,西区,小規模保育,048-621-3111,19,7:30～19:30,57日～2歳
35.921487,139.580321,あそびのてんさい西大宮第２保育園,埼玉県さいたま市西区指扇3615エムウッドグラーツィアビル102号,西区,小規模保育,048-621-3112,19,7:30～19:30,57日～2歳
35.92161811,139.5834409,ぽっぽ保育園三橋,埼玉県さいたま市西区三橋6-1725-6,西区,小規模保育,048-788-5818,19,7:00～19:00,6か月～2歳
35.91876013,139.5814652,西大宮めいあい保育園,埼玉県さいたま市西区指扇1750-3,西区,小規模保育,048-788-5027,19,7:30～19:30,57日～2歳
35.93846018,139.6092378,アルタベビー宮原園Ⅰ,埼玉県さいたま市北区宮原町3-587,北区,小規模保育,048-788-5789,16,7:30～19:00,3か月～2歳
35.9211,139.60556,くれよん保育園夢,埼玉県さいたま市北区櫛引町2-441-3渋谷第2ビル,北区,小規模保育,048-783-4104,19,7:30～19:00,43日～2歳
35.93585678,139.6235736,宮原クマさん保育所,埼玉県さいたま市北区宮原町1-183サンクエクラ1階,北区,小規模保育,048-652-0288,19,7:30～19:00,57日～2歳
35.9297313,139.6084847,保育所まぁむ日進園,埼玉県さいたま市北区日進町2-605 b'CASA大宮日進re-born1階,北区,小規模保育,048-668-1101,19,7:30～19:30,57日～2歳
35.9297313,139.6084847,保育所まぁむ日進園２,埼玉県さいたま市北区日進町2-605 b'CASA大宮日進re-born1階,北区,小規模保育,048-668-1101,11,7:00～19:00,57日～2歳
35.93573,139.62891,かたつむり保育園土呂,埼玉県さいたま市北区土呂町1-50-5ナカウエビル1階,北区,小規模保育,048-668-1194,19,7:30～20:00,57日～2歳
35.94296673,139.6174358,まーぶる保育園にじルーム,埼玉県さいたま市北区宮原町2-108-11MONA-C1階,北区,小規模保育,048-778-8576,12,7:30～19:00,57日～2歳
35.92114432,139.62339,北大宮クマさん保育所,埼玉県さいたま市北区東大成町1-591,北区,小規模保育,048-729-5781,19,7:30～19:00,57日～2歳
35.93148667,139.6074802,きゃんばすｓｏｒａ日進保育園,埼玉県さいたま市北区日進町2-764-2ホワイトパレス大宮1階-Ａ,北区,小規模保育,048-795-8825,19,7:30～19:00,6か月～2歳
35.9290176,139.6059437,保育室アカツキ,埼玉県さいたま市北区日進町2-1059-1フードガーデン日進店2階,北区,小規模保育,048-729-5565,19,7:30～19:30,6か月～2歳
35.94294348,139.6173802,まーぶる保育園ほしルーム,埼玉県さいたま市北区宮原町2-108-11MONA-C2・3階,北区,小規模保育,048-778-9547,19,7:30～19:00,57日～2歳
35.93172,139.60394,保育園ＮＡＴＵＲＡＬＨＯＵＳＥ日進園,埼玉県さいたま市北区日進町2-1616-5リーポス日進1階,北区,小規模保育,048-654-7393,19,7:30～19:30,57日～2歳
35.92996636,139.6068652,リトルパンダ保育園,埼玉県さいたま市北区日進町2-813第2関根ビル,北区,小規模保育,048-788-1433,19,7:30～20:00,57日～2歳
35.93268294,139.6249132,さいたまエンゼルホーム,埼玉県さいたま市北区宮原町1-856-3ガーデンアクシス1階,北区,小規模保育,048-652-8485,19,7:30～19:00,3か月～2歳
35.93832804,139.6089039,アルタベビー宮原園Ⅱ,埼玉県さいたま市北区宮原町3-587,北区,小規模保育,048-788-2180,17,7:30～19:00,3か月～2歳
35.9375,139.61317,すずらん保育園,埼玉県さいたま市北区宮原町3-167桜井ビル1階,北区,小規模保育,048-658-9210,19,7:30～18:30,6か月～2歳
35.93328,139.63002,シルフィー保育園,埼玉県さいたま市北区土呂町1-25-4,北区,小規模保育,048-877-8186,12,7:30～19:00,57日～2歳
35.93528,139.616773,ねいろ保育園,埼玉県さいたま市北区宮原町1-302-4ニューシャトル加茂宮駅前,北区,小規模保育,048-662-9840,19,7:30～18:30,5か月～2歳
35.930378,139.631896,ハッピーなのはな保育園,埼玉県さいたま市北区土呂町2-10-2,北区,小規模保育,048-729-6033,19,7:30～19:30,57日～2歳
35.94151,139.61256,ＳＳマザーリング保育園,埼玉県さいたま市北区宮原町2-19-1,北区,小規模保育,048-668-6280,12,7:30～19:00,57日～2歳
35.93852108,139.6090938,アルタベビー宮原駅前園,埼玉県さいたま市北区宮原町3-589 水谷ビル1階,北区,小規模保育,048-788-4688,19,7:30～19:00,3か月～2歳
35.90952266,139.6288718,なでしこキッズルーム大宮園,埼玉県さいたま市大宮区宮町2-147大宮KSAビル2階,大宮区,小規模保育,048-871-6301,19,7:30～19:30,57日～2歳
35.89651776,139.6062557,ころぼっくる保育園,埼玉県さいたま市大宮区三橋3-203-1,大宮区,小規模保育,048-783-3096,19,7:30～19:30,57日～2歳
35.91161,139.63881,はぐはあとひまわり保育園,埼玉県さいたま市大宮区堀の内町1-451-1ティアラマンション102,大宮区,小規模保育,048-640-2717,19,7:30～19:00,57日～2歳
35.90649036,139.6333802,ゆりかご第二保育園,埼玉県さいたま市大宮区東町1-28-3,大宮区,小規模保育,048-643-5514,12,7:00～19:00,57日～2歳
35.8897079,139.6714582,くまの子倶楽部保育室,埼玉県さいたま市大宮区桜木町4-702-1秀宝ビル1階,大宮区,小規模保育,048-640-7373,19,7:30～19:30,6か月～2歳
35.90426643,139.6202814,ハローキッズひまわり保育園,埼玉県さいたま市大宮区桜木町1-9-22シャルムビル2階,大宮区,小規模保育,048-648-1234,19,7:30～19:00,43日～2歳
35.90426643,139.6202814,ハローキッズさくら保育園,埼玉県さいたま市大宮区桜木町1-9-22シャルムビル3階,大宮区,小規模保育,048-648-2345,19,7:30～19:00,43日～2歳
35.89939674,139.5988494,アルタベビー三橋園,埼玉県さいたま市大宮区三橋2-519樹峰ビル1階,大宮区,小規模保育,048-778-9964,19,7:30～19:00,57日～2歳
35.90755972,139.6324486,新ゆりかご保育園,埼玉県さいたま市大宮区東町1-21-3,大宮区,小規模保育,048-788-1266,12,7:00～19:00,57日～2歳
35.90990844,139.6336033,ひなたぼっこ保育園,埼玉県さいたま市大宮区東町2-251,大宮区,小規模保育,048-641-0800,12,7:30～19:00,9か月～2歳
35.90860462,139.6161652,うぐす保育園大成,埼玉県さいたま市大宮区大成町1-189-1ＡＤＯ大成ビル1階,大宮区,小規模保育,048-654-3793,19,7:30～19:00,3か月～2歳
35.90407,139.63011,小学館アカデミー大宮だっこ保育園,埼玉県さいたま市大宮区下町3-7-1グランドミッドタワーズ大宮スカイタワー2階,大宮区,小規模保育,048-658-1257,19,7:30～20:00,57日～2歳
35.90756271,139.632995,ゆりかご第一保育園,埼玉県さいたま市大宮区東町1-28-3,大宮区,小規模保育,048-642-6855,12,7:00～19:00,57日～2歳
35.90437,139.63289,ソーレピッコロ保育園,埼玉県さいたま市大宮区浅間町1-117,大宮区,小規模保育,048-649-5797,15,7:30～19:00,57日～2歳
35.90842211,139.6297531,ソーレ保育園,埼玉県さいたま市大宮区大門町3-118-1,大宮区,小規模保育,048-783-2114,19,7:30～19:00,57日～2歳
35.890008,139.637229,みずたま保育園,埼玉県さいたま市大宮区北袋町1-328-1アベニール1F,大宮区,小規模保育,048-676-4570,19,7:00～19:00,57日～2歳
35.90942246,139.6342475,スクルドエンジェル保育園大宮園,埼玉県さいたま市大宮区堀の内町1-305-1榎本ビル1階,大宮区,小規模保育,048-782-6844,19,7:30～20:00,57日～2歳
35.903435,139.628437,みかづき保育園,埼玉県さいたま市大宮区下町2-47,大宮区,小規模保育,048-642-6080,17,7:30～19:00,57日～2歳
35.93438214,139.6637277,みのり保育園,埼玉県さいたま市見沼区東門前92エムエムビル1階,見沼区,小規模保育,048-687-8459,19,7:30～19:00,43日～2歳
35.94859,139.64194,保育園ハニーハウス本館,埼玉県さいたま市見沼区東大宮5-37-5,見沼区,小規模保育,048-699-0782,19,7:00～18:30,90日～2歳
35.93132297,139.6480541,あい保育（大和田）,埼玉県さいたま市見沼区大和田町2-1184-1,見沼区,小規模保育,048-683-7888,19,7:30～19:00,57日～2歳
35.94890846,139.6383679,こどものしろ保育園ベビー,埼玉県さいたま市見沼区東大宮4-9-8,見沼区,小規模保育,048-782-5021,19,7:30～19:00,57日～2歳
35.94453012,139.6668982,保育室まんまる,埼玉県さいたま市見沼区小深作400-85,見沼区,小規模保育,048-686-8280,12,7:30～19:00,90日～2歳
35.94558342,139.6405944,保育園ハニーハウス東大宮園,埼玉県さいたま市見沼区東大宮5-9-13ムトウビル1階,見沼区,小規模保育,048-683-5442,17,7:30～19:00,90日～2歳
35.92730403,139.6471003,リトルキッズ保育園,埼玉県さいたま市見沼区大和田町1-956-9,見沼区,小規模保育,048-689-3044,19,7:30～20:00,57日～2歳
35.94820623,139.6439793,こどものしろ保育園東口園,埼玉県さいたま市見沼区東大宮5-35-6エスト・レザンⅡ1階,見沼区,小規模保育,048-796-5720,19,7:30～19:00,57日～2歳
35.93868949,139.6635493,聖香保育室,埼玉県さいたま市見沼区小深作176,見沼区,小規模保育,048-687-1297,9,7:15～19:15,11か月～2歳
35.92543699,139.646574,アルページュ保育園大和田,埼玉県さいたま市見沼区大和田1-464-4,見沼区,小規模保育,048-795-9026,18,7:30～18:30,1歳～2歳
35.95222283,139.6403985,みらいさくら保育園,埼玉県さいたま市見沼区東大宮4-65-7,見沼区,小規模保育,048-729-8638,19,7:30～19:00,6か月～2歳
35.95002192,139.6399973,保育ルームぞうさんのいえ東大宮,埼玉県さいたま市見沼区東大宮4-25-9-101,見沼区,小規模保育,048-662-9052,19,7:00～19:00,3か月～2歳
35.8840421,139.637034,保育ルームＫａｎｏｎ ｍｅｌｏｄｙ,埼玉県さいたま市中央区下落合1065-9オクトス1階,中央区,小規模保育,048-677-7006,19,7:30～18:30,3か月～2歳
35.89212055,139.6270186,親愛北与野保育室,埼玉県さいたま市中央区上落合2-4-4ノースピア4号棟2階,中央区,小規模保育,048-711-7403,19,7:30～19:30,3か月～2歳
35.88685837,139.6350406,Ｈａｐｐｙ Ｒｏｏｍ,埼玉県さいたま市中央区下落合1002-6,中央区,小規模保育,048-825-3301,19,7:30～19:30,4か月～2歳
35.88418331,139.6357712,親愛与野駅前保育室,埼玉県さいたま市中央区下落合1711CM21-110,中央区,小規模保育,048-829-9555,19,7:30～19:30,3か月～2歳
35.89189348,139.6271516,保育園ミルキーウェイ北与野園,埼玉県さいたま市中央区上落合2-4-3,中央区,小規模保育,048-857-8378,19,7:15～19:15,57日～2歳
35.88418331,139.6357712,シェトワ保育園,埼玉県さいたま市中央区下落合1711CM21-1階,中央区,小規模保育,048-832-0030,19,7:30～19:30,3か月～2歳
35.88014167,139.6262772,保育園ミルキーウェイ与野本町ベビー,埼玉県さいたま市中央区本町東1-14-27,中央区,小規模保育,048-853-4140,19,7:15～19:15,57日～2歳
35.88142,139.63377,保育所まぁむ与野園,埼玉県さいたま市中央区下落合2-6-5,中央区,小規模保育,048-833-9451,19,7:15～19:15,57日～2歳
35.88340293,139.6384176,保育ルームＫａｎｏｎ ｒｈｙｔｈｍ,埼玉県さいたま市中央区下落合1077ＦＳマンション1階,中央区,小規模保育,048-607-2200,19,7:30～19:00,3か月～2歳
35.883846,139.637863,はるか保育園与野,埼玉県さいたま市中央区下落合1051-3,中央区,小規模保育,048-767-7300,19,7:30～19:00,3か月～2歳
35.883699,139.640384,下落合はっぴー８保育園,埼玉県さいたま市中央区下落合1655-33,中央区,小規模保育,048-824-0881,19,7:30～19:00,6か月～2歳
35.85671168,139.6121069,アルページュ保育園桜,埼玉県さいたま市桜区道場2-16-7ドリーミーハウス1階,桜区,小規模保育,048-826-5715,19,7:15～18:45,6か月～2歳
35.8583058,139.6294974,こびとの森乳幼児園,埼玉県さいたま市桜区西堀7-17-28,桜区,小規模保育,048-762-8671,19,7:30～18:30,57日～2歳
35.84454707,139.6308935,ベル保育園,埼玉県さいたま市桜区田島2-17-11ブリサマナール101,桜区,小規模保育,048-845-1234,12,7:30～19:00,6か月～2歳
35.84449146,139.628277,さくら保育園西浦和ルーム,埼玉県さいたま市桜区田島5-13-2,桜区,小規模保育,048-863-0201,19,7:30～19:00,6か月～2歳
35.86177312,139.6581313,さくら保育園浦和東口ルーム,埼玉県さいたま市浦和区東仲町19-20第2メゾンクレール東仲町1階,浦和区,小規模保育,048-753-9674,19,7:30～19:00,6か月～2歳
35.85686723,139.6462398,保育園キッズ・マリーナ浦和園,埼玉県さいたま市浦和区高砂4-6-3ヴィラ鹿島台102,浦和区,小規模保育,048-711-2266,19,7:30～19:00,3か月～2歳
35.87085408,139.6457388,保育所まぁむ北浦和駅前園,埼玉県さいたま市浦和区常盤9-19-9,浦和区,小規模保育,048-824-5762,19,7:15～19:15,57日～2歳
35.86702,139.65742,なかよしハッピー保育室,埼玉県さいたま市浦和区本太4-10-2,浦和区,小規模保育,048-887-5581,19,7:30～19:00,57日～2歳
35.87175672,139.6425552,なでしこキッズルーム北浦和,埼玉県さいたま市浦和区常盤9-33-7ピアカーサ1階,浦和区,小規模保育,048-711-2433,19,7:30～19:30,57日～2歳
35.86903767,139.6416538,正光寺保育園北浦和園,埼玉県さいたま市浦和区常盤10-2-4,浦和区,小規模保育,048-711-8392,19,7:30～19:00,57日～2歳
35.86790117,139.6504425,アルページュ保育園常盤,埼玉県さいたま市浦和区常盤3-1-13 2階,浦和区,小規模保育,048-822-1185,12,7:30～18:30,6か月～2歳
35.86177133,139.6570008,保育園フェアリーテイルにじ,埼玉県さいたま市浦和区東仲町7-11,浦和区,小規模保育,048-883-2345,19,7:30～19:00,9か月～2歳
35.85970987,139.6578459,正光寺保育園浦和園,埼玉県さいたま市浦和区東仲町11-13ドゥベルメゾン浦和1階,浦和区,小規模保育,048-762-3823,19,7:30～19:00,57日～2歳
35.85983295,139.6480532,まーぶる保育園浦和園,埼玉県さいたま市浦和区仲町3-7-5ベルジュ浦和仲町101,浦和区,小規模保育,048-767-3105,19,7:30～19:00,57日～2歳
35.85619225,139.6511672,はっぴー保育園浦和園,埼玉県さいたま市浦和区岸町7-12-1,浦和区,小規模保育,048-872-0881,19,7:30～19:00,6か月～2歳
35.85065651,139.6528182,保育園かまちＢａｍｂｉｎｉ,埼玉県さいたま市浦和区岸町5-10-19,浦和区,小規模保育,048-711-4125,19,7:45～19:00,43日～2歳
35.88135293,139.6407732,ぞうさんのおうち,埼玉県さいたま市浦和区針ヶ谷2-2-10,浦和区,小規模保育,048-832-5164,19,7:30～18:30,2か月～2歳
35.86037572,139.6568621,みずほ保育園浦和北口,埼玉県さいたま市浦和区東仲町9-5KUMAビル2階,浦和区,小規模保育,048-811-3240,19,7:30～19:30,43日～2歳
35.86037572,139.6568621,みずほ保育園東仲町,埼玉県さいたま市浦和区東仲町9-5KUMAビル2階,浦和区,小規模保育,048-871-3240,19,7:30～19:30,43日～2歳
35.86534995,139.6513592,アルタベビー浦和園,埼玉県さいたま市浦和区東仲町17-11サンハウス1階,浦和区,小規模保育,048-767-4646,19,7:30～19:00,57日～2歳
35.89000336,139.640319,保育園ミルキーウェイ上木崎園,埼玉県さいたま市浦和区上木崎2-7-13メディカルモール新都心1階,浦和区,小規模保育,048-835-4152,19,7:15～19:15,57日～2歳
35.88609827,139.6434032,保育園ミルキーウェイ与野園,埼玉県さいたま市浦和区上木崎4-1-16グリーンハイツ1階,浦和区,小規模保育,048-762-6575,19,7:15～19:15,57日～2歳
35.87105408,139.6423459,森のおうちひよこルーム,埼玉県さいたま市浦和区常盤9-30-16政紙ビル2階,浦和区,小規模保育,048-832-6540,19,7:30～19:00,6か月～2歳
35.86133373,139.653833,リップル保育園浦和,埼玉県さいたま市浦和区仲町1-11-18ユーネックスハイム1階,浦和区,小規模保育,048-711-9307,19,7:30～19:00,6か月～2歳
35.87304959,139.6419976,はちみつ保育園,埼玉県さいたま市浦和区北浦和5-5-20シャテロ北浦和1階,浦和区,小規模保育,048-826-2050,19,7:00～19:00,5か月～2歳
35.87192,139.64152,保育所まぁむ第二北浦和園,埼玉県さいたま市浦和区常盤10-10-14 2F,浦和区,小規模保育,048-831-9501,19,7:15～19:15,57日～2歳
35.87356078,139.6539693,うぐす保育園北浦和,埼玉県さいたま市浦和区元町2-23-15,浦和区,小規模保育,048-813-0880,19,7:30～19:00,3か月～2歳
35.87017971,139.6459134,フェアリーテイルほし,埼玉県さいたま市浦和区常盤9-19-4P’sスクエア常盤1階,浦和区,小規模保育,048-824-0565,19,7:30～19:00,9か月～2歳
35.86517,139.65117,アルタベビー浦和常盤園,埼玉県さいたま市浦和区常盤2-11-22リバシイー浦和常盤1階,浦和区,小規模保育,048-789-7793,19,7:30～19:00,57日～2歳
35.85848566,139.653601,保育園プ・アン,埼玉県さいたま市浦和区高砂2-11-14文教堂ビル3階,浦和区,小規模保育,048-835-6770,19,7:30～18:30,1歳～2歳
35.858106,139.650812,ルアナ保育園浦和,埼玉県さいたま市浦和区仲町2-16-5　1階,浦和区,小規模保育,048-767-8306,15,7:30～19:00,3か月～2歳
35.85793823,139.6529645,彩の調保育園浦和高砂,埼玉県さいたま市浦和区高砂2-10-1グローバル高砂2階,浦和区,小規模保育,048-767-7916,19,7:30～19:00,4か月～2歳
35.88394,139.64101,与野はっぴー保育園,埼玉県さいたま市浦和区針ヶ谷3-6-4,浦和区,小規模保育,048-834-0881,17,7:30～19:00,6か月～2歳
35.8574314,139.6533888,保育ルームぞうさんのいえ浦和駅前,埼玉県さいたま市浦和区高砂2-5-5KIビル2階,浦和区,小規模保育,048-626-6555,19,7:00～19:00,3か月～2歳
35.857797,139.655039,浦和センター保育園,埼玉県さいたま市浦和区高砂2-6-3　ファーストセンタービル3階,浦和区,小規模保育,048-767-8833,19,7:30～19:00,6か月～2歳
35.87399554,139.6453123,ひまり保育園,埼玉県さいたま市浦和区北浦和3-9-6goodhill北浦和Ⅶ2階,浦和区,小規模保育,048-767-4445,19,7:00～19:00,43日～2歳
35.86096854,139.6541561,プレキンダーひかり,埼玉県さいたま市浦和区仲町1-10-17,浦和区,小規模保育,048-753-9190,15,7:30～19:00,6か月～2歳
35.85316378,139.6545775,Ｏｈａｎａ浦和保育園,埼玉県さいたま市浦和区岸町6-1-7　1階,浦和区,小規模保育,048-816-5483,19,7:30～19:00,9か月～2歳
35.87856006,139.6622843,なかよし保育室,埼玉県さいたま市浦和区瀬ヶ崎2-16-5,浦和区,小規模保育,048-881-8996,19,7:30～19:00,57日～2歳
35.87308378,139.660276,さくら保育園第２駒場ルーム,埼玉県さいたま市浦和区駒場2-7-3カーザ・ディ・ルーチェ1階,浦和区,小規模保育,048-887-8878,19,7:30～19:00,6か月～2歳
35.85544076,139.646592,ココス・キッズワールド保育室,埼玉県さいたま市南区別所3-13-22ライオンズマンション浦和県庁前102,南区,小規模保育,048-865-5799,15,7:30～19:30,6か月～2歳
35.84581908,139.666953,輝萌の森南浦和園,埼玉県さいたま市南区南本町1-14-5第3小池ビル103,南区,小規模保育,048-705-4191,19,7:30～19:00,6か月～2歳
35.84446253,139.6424194,ゆめの樹ベビー保育園,埼玉県さいたま市南区鹿手袋5-5-12,南区,小規模保育,048-711-4445,19,7:15～19:15,57日～2歳
35.84452228,139.6713839,保育園ミルクハウス,埼玉県さいたま市南区文蔵1-3-6もりビルⅠ1階,南区,小規模保育,048-866-9819,19,7:30～19:00,43日～2歳
35.84351677,139.653874,保育園キッズ・マリーナ,埼玉県さいたま市南区白幡4-14-22ウェルトップ1階,南区,小規模保育,048-764-9803,19,7:30～19:00,3か月～2歳
35.8298504,139.6614156,辻さくら保育園,埼玉県さいたま市南区辻8-21-16,南区,小規模保育,048-799-3331,19,7:30～19:00,6か月～2歳
35.84862409,139.6731399,小鳩スマート保育所南浦和,埼玉県さいたま市南区南浦和3-16-18,南区,小規模保育,048-799-2214,19,7:30～19:00,57日～2歳
35.84078491,139.6345109,Ｏｈａｎａ武蔵浦和保育園,埼玉県さいたま市南区四谷1-5-1 205,南区,小規模保育,048-799-3774,19,7:30～19:00,9か月～2歳
35.84562959,139.6722968,保育所まぁむ南浦和園,埼玉県さいたま市南区南浦和3-31-18,南区,小規模保育,048-881-8851,19,7:15～19:15,57日～2歳
35.84501,139.67267,小鳩家庭保育室,埼玉県さいたま市南区南浦和3-33-6,南区,小規模保育,048-711-1823,19,7:30～19:00,57日～2歳
35.84373461,139.645887,いちご武蔵浦和駅前保育園,埼玉県さいたま市南区沼影1-13-1プラウドタワー武蔵浦和ナリアテラス202,南区,小規模保育,048-838-0070,19,7:30～18:30,1歳～2歳
35.86279985,139.6789111,ちゅうりっぷ保育園,埼玉県さいたま市南区大谷口983-2,南区,小規模保育,048-884-1382,12,7:30～18:30,3か月～2歳
35.84581753,139.6441759,保育ルームスター☆キッズ武蔵浦和園,埼玉県さいたま市南区別所7-14-46,南区,小規模保育,048-837-1250,19,7:30～19:00,6か月～2歳
35.8390878,139.6510267,保育園ハニーハウス武蔵浦和園,埼玉県さいたま市南区白幡5-8-10カウニスコティ1号室,南区,小規模保育,048-699-7437,19,7:30～19:00,90日～2歳
35.83733803,139.6724338,正光寺保育園南浦和園,埼玉県さいたま市南区文蔵3-29-12,南区,小規模保育,048-829-7891,19,7:30～19:00,57日～2歳
35.86279985,139.6789111,ちゅうりっぷ第２保育園,埼玉県さいたま市南区大谷口972-2シャンブル・ドゥ・ミヤザキⅠ101号室,南区,小規模保育,048-884-1382,9,7:30～18:30,3か月～2歳
35.85516,139.69008,こもれび保育園大谷口,埼玉県さいたま市南区大谷口2161-1,南区,小規模保育,048-767-4865,19,7:00～19:00,3か月～2歳
35.84478875,139.6656694,みらいステップ南浦和園,埼玉県さいたま市南区南本町1-17-14,南区,小規模保育,048-872-3355,19,7:30～19:00,6か月～2歳
35.8473764,139.6399212,森のなかま保育園武蔵浦和ルーム,埼玉県さいたま市南区鹿手袋4-31-17,南区,小規模保育,048-844-1711,19,7:00～19:00,3か月～2歳
35.84581831,139.666996,あい保育園,埼玉県さいたま市南区南本町1-14-5第3小池ビル102,南区,小規模保育,048-705-4191,19,7:30～19:00,6か月～2歳
35.84898421,139.6658374,彩の調保育園南浦和　風,埼玉県さいたま市南区南本町2-21-9ホワイトキャッスル202号室,南区,小規模保育,048-711-5974,19,7:30～19:00,4か月～2歳
35.84735666,139.6674284,南浦和はっぴー保育園,埼玉県さいたま市南区南本町2-12-3南浦和メディカルセンタービル1階,南区,小規模保育,048-832-0881,19,7:30～19:00,6か月～2歳
35.84946465,139.6492605,武蔵浦和はっぴー保育園,埼玉県さいたま市南区別所1-24-15,南区,小規模保育,048-865-0881,19,7:30～19:00,6か月～2歳
35.85222073,139.6372928,アルページュ保育園中浦和,埼玉県さいたま市南区関1-6-3 1階,南区,小規模保育,048-862-2225,17,7:30～18:30,6か月～2歳
35.84281683,139.6640402,南浦和ファーストスター保育園,埼玉県さいたま市南区根岸3-1-15第三コーポミナミ1階,南区,小規模保育,048-839-3000,19,7:00～19:00,3か月～2歳
35.84913476,139.6398181,はるか保育園,埼玉県さいたま市南区鹿手袋4-4-6,南区,小規模保育,048-826-6808,19,7:30～19:00,3か月～2歳
35.84603404,139.6425779,つくしナーサリーむさしうらわ,埼玉県さいたま市南区別所7-19-19,南区,小規模保育,048-861-4852,19,7:30～18:45,1歳～2歳
35.84696732,139.6670296,彩の調保育園南浦和　雲,埼玉県さいたま市南区南本町2-3-7グレイス南本町ビル2階,南区,小規模保育,048-789-7867,19,7:30～19:00,4か月～2歳
35.84688222,139.6711058,保育園ミルクハウス・ポケット,埼玉県さいたま市南区南浦和2-45-1グランジュール南浦和201,南区,小規模保育,048-882-9887,17,7:30～19:00,43日～2歳
35.8642,139.70363,まあれ愛恵保育園,埼玉県さいたま市緑区東浦和1-3-10篠原ビル2階,緑区,小規模保育,048-810-4606,19,7:30～19:30,43日～2歳
35.86827128,139.6986419,野の花保育園,埼玉県さいたま市緑区東浦和4-24-10,緑区,小規模保育,048-874-0160,19,7:30～19:00,6か月～2歳
35.86592,139.70364,なでしこキッズルーム東浦和,埼玉県さいたま市緑区東浦和4-1-21大東ビル1階,緑区,小規模保育,048-712-8302,19,7:30～19:30,57日～2歳
35.88990853,139.6689629,くまの子倶楽部三室保育園,埼玉県さいたま市緑区三室498-1,緑区,小規模保育,048-678-7272,19,7:30～19:30,6か月～2歳
35.89422839,139.7275907,浦和美園駅ひまわり保育室,埼玉県さいたま市緑区美園4-12（浦和美園駅東口側1階）,緑区,小規模保育,048-798-1404,11,7:30～18:30,1歳～2歳
35.8626197,139.6966822,のびっこ保育園ひよこルーム,埼玉県さいたま市緑区東浦和2-65-2-101,緑区,小規模保育,048-873-4524,12,7:00～19:00,43日～2歳
35.8626197,139.6966822,のびっこ保育園うさぎルーム,埼玉県さいたま市緑区東浦和2-65-2-102,緑区,小規模保育,048-873-4524,19,7:00～19:00,43日～2歳
35.86835637,139.7041538,ぴよぴよ第２保育園,埼玉県さいたま市緑区東浦和5-18-3,緑区,小規模保育,048-767-4800,18,7:30～19:00,3か月～2歳
35.89388344,139.7253881,アルタベビー美園駅前園,埼玉県さいたま市緑区下野田527ベレッツァ1階A号室,緑区,小規模保育,048-767-7483,19,7:30～19:00,57日～2歳
35.89417871,139.7287493,フォーマミー浦和美園保育園,埼玉県さいたま市緑区美園4-11-4グレースタウンミソノビル1階,緑区,小規模保育,048-711-5133,19,7:00～19:00,57日～2歳
35.89374089,139.7282285,アルタベビー美園東園,埼玉県さいたま市緑区美園4-11-8,緑区,小規模保育,048-829-7527,19,7:30～19:00,57日～2歳
35.896815,139.723719,浦和美園駅西口ひまわり保育室,埼玉県さいたま市緑区南部領辻字円城寺4160,緑区,小規模保育,048-798-1404,18,7:30～18:30,1歳～2歳
35.89182511,139.7276117,きらら・キッズみその,埼玉県さいたま市緑区下野田123-2,緑区,小規模保育,048-716-5100,19,7:00～19:00,6か月～2歳
35.897459,139.727677,すてっぷ保育園浦和美園,埼玉県さいたま市緑区美園3-9-16エース美園第1ビルA,緑区,小規模保育,048-711-5880,19,7:30～19:00,57日～2歳
35.8933669,139.7315375,保育ルームぞうさんのいえ浦和美園,埼玉県さいたま市緑区美園5-45-12 1F,緑区,小規模保育,048-711-6135,19,7:00～19:00,3か月～2歳
35.88145,139.67798,ひだまり園,埼玉県さいたま市緑区三室1621-13,緑区,小規模保育,048-873-9391,11,7:30～19:30,57日～2歳
35.88783101,139.7308394,どんぐり保育園,埼玉県さいたま市緑区大門2755-28,緑区,小規模保育,048-878-3433,11,7:30～19:00,57日～2歳
35.86127002,139.6983194,保育ルームぞうさんのいえ本館,埼玉県さいたま市緑区東浦和2-48-3 1階,緑区,小規模保育,048-876-1008,19,7:30～19:00,3か月～2歳
35.86127002,139.6983194,保育ルームぞうさんのいえ新館,埼玉県さいたま市緑区東浦和2-48-3 1階,緑区,小規模保育,048-874-7800,19,7:30～19:00,3か月～2歳
35.99151145,139.700018,鹿室めぐみ保育園,埼玉県さいたま市岩槻区鹿室925-1,岩槻区,小規模保育,048-797-5370,19,7:30～19:00,3か月～2歳
35.95408291,139.6962178,ふるーる保育園岩槻駅前,埼玉県さいたま市岩槻区愛宕町4-21,岩槻区,小規模保育,048-872-6428,16,7:30～19:00,3か月～2歳
35.94921946,139.6944947,ＭＩＲＡＴＺ岩槻保育園,埼玉県さいたま市岩槻区本町3-11-2 1階,岩槻区,小規模保育,048-796-4225,19,7:00～19:00,57日～2歳
35.92684,139.56731,おうぎの森第二保育園,埼玉県さいたま市西区高木602-1,西区,事業所内保育,048-625-7864,7,7:00～18:00,57日～2歳
35.94637,139.60201,コスモス保育園大宮奈良町園,埼玉県さいたま市北区奈良町39-6,北区,事業所内保育,048-654-0023,6,8:00～19:00,57日～2歳
35.953891,139.601985,コスモス保育園大宮別所園,埼玉県さいたま市北区別所町1122-3フェリシテ1F,北区,事業所内保育,048-662-9370,13,7:30～19:00,57日～2歳
35.944781,139.6167976,Hug-Hug保育園,埼玉県さいたま市北区宮原町2-101-1,北区,事業所内保育,048-654-0781,9,7:45～18:45,1歳～2歳
35.93095,139.66434,タムロンキッズ保育園,埼玉県さいたま市見沼区蓮沼1379-1,見沼区,事業所内保育,048-812-8811,5,7:00～19:00,57日～2歳
35.91587551,139.6530879,こまどりピヨピヨ保育園,埼玉県さいたま市見沼区南中丸561,見沼区,事業所内保育,048-683-2189,9,7:30～18:30,1歳～2歳
35.93012283,139.6668477,なかよしにこにこ保育園,埼玉県さいたま市見沼区東門前29,見沼区,事業所内保育,048-812-7757,5,7:30～18:30,6か月～2歳
35.88930602,139.6146539,たまご保育所,埼玉県さいたま市中央区本町西5-4-1,中央区,事業所内保育,048-859-8031,6,7:30～20:00,57日～2歳
35.89198304,139.6147366,イオンモール与野ルピナス保育園,埼玉県さいたま市中央区本町西5-2-9イオンモール与野1階,中央区,事業所内保育,048-851-0009,11,7:30～19:00,6か月～2歳
35.88822253,139.624153,おひさまにこにこ保育園,埼玉県さいたま市中央区上落合3-13-33ヤクルト与野センター2階,中央区,事業所内保育,048-749-1121,5,7:30～18:30,6か月～2歳
35.85853734,139.6475379,コバトン保育園,埼玉県さいたま市浦和区高砂3-14-21埼玉県職員会館1階,浦和区,事業所内保育,048-835-3201,4,8:00～19:00,2歳
35.836386,139.656965,つくしナーサリー,埼玉県さいたま市南区辻4-9-7,南区,事業所内保育,048-837-1188,16,7:45～18:45,1歳～2歳
35.8897679,139.6651955,コスモス保育園浦和山崎園,埼玉県さいたま市緑区山崎1-10-20,緑区,事業所内保育,048-711-1527,7,8:00～19:00,57日～2歳
35.8897679,139.6651955,コスモス保育園浦和山崎園第Ⅱ,埼玉県さいたま市緑区山崎1-10-20鈴やビル2階202,緑区,事業所内保育,048-711-1527,9,7:30～19:00,57日～2歳
35.95050794,139.6940255,はなにこmimi保育園,埼玉県さいたま市岩槻区本町3-1-1ワッツ西館1階,岩槻区,事業所内保育,048-795-6490,6,7:00～19:00,6か月～2歳
35.90322,139.6378,おむすび保育室,埼玉県さいたま市大宮区天沼町2-154-13,大宮区,家庭的保育,048-708-5454,5,7:00～18:30,3か月～2歳
35.91001867,139.6236836,つぼみ保育室,埼玉県さいたま市大宮区宮町5-13,大宮区,家庭的保育,048-606-4383,5,7:15～19:15,57日～2歳
35.88004574,139.622539,家庭保育室ちゅーりっぷ,埼玉県さいたま市中央区本町東2-10-20-101,中央区,家庭的保育,048-711-9288,5,7:30～19:00,7カ月～2歳
35.90601,139.57805,認定こども園愛徳幼稚園,埼玉県さいたま市西区プラザ36-11,西区,認定こども園,048-729-4600,140,7:30～19:30,6か月～5歳
35.91981527,139.5579776,認定こども園さしおうぎ幼稚園,埼玉県さいたま市西区宝来1175-1,西区,認定こども園,048-623-4321,72,7:30～18:30,1歳～5歳
35.90766,139.6205,認定こども園聖愛幼稚園,埼玉県さいたま市大宮区桜木町2-172,大宮区,認定こども園,048-643-3410,48,7:30～18:30,2歳～5歳
35.912601,139.615494,認定こども園大成幼稚園,埼玉県さいたま市大宮区大成町2-182-2、2-194,大宮区,認定こども園,048-663-2892,90,7:30～18:30,1歳～5歳
35.93225943,139.6748762,七里ふたばこども園,埼玉県さいたま市見沼区東宮下480,見沼区,認定こども園,048-689-3852,90,7:00～20:00,6か月～5歳
35.88546,139.63651,認定こども園与野あいし幼稚園,埼玉県さいたま市中央区下落合1030,中央区,認定こども園,048-831-6847,75,7:30～18:30,6か月～5歳
35.87610385,139.5980159,認定こども園おおとり幼稚園,埼玉県さいたま市桜区宿144,桜区,認定こども園,048-854-7801,158,7:00～19:00,1歳～5歳
35.856945,139.633438,認定こども園ひなどり幼稚園,埼玉県さいたま市桜区西堀2-6-18,桜区,認定こども園,048-861-4708,30,7:30～19:30,43日～5歳
35.857109,139.621435,認定こども園さかわ幼稚園,埼玉県さいたま市桜区栄和6-18-1,桜区,認定こども園,048-854-6856,93,7:30～18:30,1歳～5歳
35.87011782,139.6052973,認定こども園浦和こばと幼稚園,埼玉県さいたま市桜区大久保領家103-1,桜区,認定こども園,048-854-1350,138,7:30～18:30,1歳～5歳
35.86334,139.6624,認定こども園母の会,埼玉県さいたま市浦和区本太1-20-10、浦和区本太1-24-16,浦和区,認定こども園,048-882-9262,80,7:30～19:00,10か月～5歳
35.88202798,139.6498166,ひかり認定こども園,埼玉県さいたま市浦和区領家7-2-14,浦和区,認定こども園,048-831-2652,60,7:30～19:30,6か月～5歳
35.88038983,139.6464899,認定こども園双恵幼稚園,埼玉県さいたま市浦和区針ヶ谷1-21-24,浦和区,認定こども園,048-831-3705,48,7:30～18:30,2歳～5歳
35.836555,139.657384,認定こども園浦和つくし幼稚園,埼玉県さいたま市南区辻4-8-7,南区,認定こども園,048-837-1152,60,7:45～18:45,3歳～5歳
35.83703529,139.6305149,認定こども園　こどものにわ　西浦和幼稚園,埼玉県さいたま市南区曲本1-21-22,南区,認定こども園,048-862-3528,59,7:30～18:30,6か月～5歳
35.84097387,139.6537153,認定こども園浦和めぐみ幼稚園,埼玉県さいたま市南区白幡4-10-15,南区,認定こども園,048-863-8562,132,7:30～19:00,1歳～5歳
35.87861,139.69637,認定こども園桜美林幼稚園,埼玉県さいたま市緑区芝原3-24-5,緑区,認定こども園,048-873-4845,42,7:30～18:30,3歳～5歳
35.94925063,139.6937679,認定こども園岩槻ひかり,埼玉県さいたま市岩槻区本町1-3-3吉田ビル2階・4階,岩槻区,認定こども園,048-790-1166,25,6:00～20:00,57日～5歳
35.93145148,139.7327192,認定こども園岩槻ひまわり幼稚園,埼玉県さいたま市岩槻区飯塚233,岩槻区,認定こども園,048-798-1404,80,7:30～19:30,1歳～5歳
35.9479345,139.7014079,認定こども園恵泉幼稚園,埼玉県さいたま市岩槻区仲町1-12-10,岩槻区,認定こども園,048-756-0427,30,7:30～19:00,2歳～5歳
35.95265111,139.701678,認定こども園白菊幼稚園,埼玉県さいたま市岩槻区本町5-11-37,岩槻区,認定こども園,048-756-2402,37,7:00～19:00,2歳～5歳
35.913879,139.562729,さくらナースリー,埼玉県さいたま市西区西遊馬1320-1,西区,認可外保育,048-788-1885,19,,
35.917767,139.557739,ねがいの杜 すくすく保育園,埼玉県さいたま市西区西遊馬2021-25,西区,認可外保育,048-778-7272,16,,
35.929493,139.572998,ねがいの杜 のびのび保育園,埼玉県さいたま市西区西大宮2-33-10,西区,認可外保育,048-782-5482,19,,
35.931484,139.606491,ちゃいるどるーむきりんのおやこ,埼玉県さいたま市北区日進町2-754-9 グェンビル１階,北区,認可外保育,048-653-4009,10,,
35.943272,139.60939,ナーサリールームマザーリング,埼玉県さいたま市北区宮原町4-3-12,北区,認可外保育,048-652-0634,39,,
35.929821,139.608459,りとるうぃず日進保育園,埼玉県さいたま市北区日進町2-605,北区,認可外保育,048-782-8749,19,,
35.94215,139.608475,プリスクールマザーリング,埼玉県さいたま市北区宮原町3-475-2,北区,認可外保育,048-871-9239,12,,
35.946854,139.616302,キッズ倶楽部小麦,埼玉県さいたま市北区吉野町1-335-7,北区,認可外保育,048-778-8611,19,,
35.932701,139.622437,都市型保育園ポポラー埼玉ステラタウン園,埼玉県さいたま市北区宮原町1-854-1 ステラタウン薬局棟1階,北区,認可外保育,048-661-6030,34,,
35.92609,139.608902,That! English Preschool,埼玉県さいたま市北区日進町2-500-1,北区,認可外保育,048-782-9979,20,,
35.92025,139.623657,International Preschool Blue Dolphins大宮校,埼玉県さいたま市北区東大成町1-624-1 ベルデ大宮1階,北区,認可外保育,048-662-2810,46,,
35.921818,139.606308,ちびうさぎ保育園,埼玉県さいたま市北区櫛引町2-870 １F,北区,認可外保育,048-871-5738,10,,
35.902504,139.624161,フレンドリー保育園,埼玉県さいたま市大宮区桜木町1-281,大宮区,認可外保育,048-641-4710,10,,
35.912888,139.609924,ナーサリールーム西舘保育園,埼玉県さいたま市大宮区櫛引町1-568-1,大宮区,認可外保育,048-652-3027,38,,
35.906231,139.603516,三橋の森保育園,埼玉県さいたま市大宮区三橋1-1331,大宮区,認可外保育,048-641-1555,32,,
35.903706,139.623108,ひだまり保育園 大宮,埼玉県さいたま市大宮区桜木町1-182-1 村田ビル1階,大宮区,認可外保育,070-3357-5345,11,,
35.896694,139.634338,コクーン保育園,埼玉県さいたま市大宮区吉敷町4-263-8 コクーンシティパークサイドビル2階,大宮区,認可外保育,048-782-6245,30,,
35.910831,139.638,はぐはあとひまわり保育園クローバー,埼玉県さいたま市大宮区堀の内町1-419,大宮区,認可外保育,048-650-2040,40,,
35.910511,139.616547,ニチイキッズおおみや保育園,埼玉県さいたま市大宮区大成町1-22-1 ラ カーサ内田１階,大宮区,認可外保育,048-661-8511,18,,
35.904377,139.620132,じぶんみらい保育園大宮,埼玉県さいたま市大宮区桜木町1-9-22 シャルムビル1階,大宮区,認可外保育,048-644-2525,30,,
35.919556,139.616684,保育庵のはら,埼玉県さいたま市大宮区大成町3-267,大宮区,認可外保育,048-783-3223,12,,
35.897812,139.631042,ABC International Preschool,埼玉県さいたま市大宮区吉敷町4-17-3 菱友ビル,大宮区,認可外保育,048-643-7770,59,,
35.895111,139.63324,ABC International Preschool新都心校 FA教室,埼玉県さいたま市大宮区吉敷町4-262-5 K・Jビル,大宮区,認可外保育,048-643-7770,25,,
35.891598,139.637924,ウィズダムアカデミーさいたま新都心校,埼玉県さいたま市大宮区北袋町1-601-1 SHINTO CITY 1-D,大宮区,認可外保育,048-778-8971,40,,
35.91206,139.62648,SA和YAKA園,埼玉県さいたま市大宮区宮町3-18-1,大宮区,認可外保育,080-4750-3838,9,,
35.908714,139.624954,ママズスマイル大宮東口店,埼玉県さいたま市大宮区宮町1-39 斎藤ビル1階,大宮区,認可外保育,048-788-3093,12,,
35.926636,139.647049,キッズ＆ベビー保育園大和田園,埼玉県さいたま市見沼区大和田町1-939,見沼区,認可外保育,048-685-6444,26,,
35.948479,139.639694,じぶんみらい保育園 東大宮,埼玉県さいたま市見沼区東大宮4-1-4 トライフォース1-A,見沼区,認可外保育,048-664-0755,41,,
35.939453,139.64389,つくし保育園,埼玉県さいたま市見沼区東大宮1-84-18,見沼区,認可外保育,048-685-2176,18,,
35.947857,139.643494,ビーンズ インターナショナル プリスクール 東大宮校,埼玉県さいたま市見沼区東大宮5-32-10 2階・3階,見沼区,認可外保育,048-797-6061,64,,
35.935822,139.645309,みらLab園,埼玉県さいたま市見沼区大和田町2-897-2,見沼区,認可外保育,048-878-8886,6,,
35.902294,139.622116,リトル保育園大宮西口,埼玉県さいたま市中央区上落合9-17-1,中央区,認可外保育,048-852-1278,86,,
35.883163,139.63826,保育ルームKanon,埼玉県さいたま市中央区下落合1077 FSマンション1階,中央区,認可外保育,048-607-2233,33,,
35.900093,139.623169,ニチイキッズおおみや上落合保育園,埼玉県さいたま市中央区上落合8-3-32 ホームズさいたま中央店 2階,中央区,認可外保育,048-840-0720,36,,
35.90144,139.620651,保育所ちびっこランド上落合園,埼玉県さいたま市中央区上落合8-14-18 1階,中央区,認可外保育,048-816-3918,29,,
35.880974,139.636765,キッズ大陸さいたま与野園,埼玉県さいたま市中央区新中里5-14-19,中央区,認可外保育,048-823-7111,300,,
35.891716,139.625351,ちびっこランド北与野園,埼玉県さいたま市中央区上落合3-7-13 北与野ハイツアクア1階,中央区,認可外保育,048-851-5500,33,,
35.882,139.629791,COCOAS KIDS International School 大宮与野校,埼玉県さいたま市中央区下落合6-4-5 2階,中央区,認可外保育,048-782-5791,75,,
35.863029,139.60524,そよかぜ保育室,埼玉県さいたま市桜区下大久保635,桜区,認可外保育,048-857-9619,32,,
35.858334,139.618225,都市型保育園ポポラー埼玉さくら園,埼玉県さいたま市桜区道場2-1-1 サクラディアアミューズコート1階,桜区,認可外保育,048-851-0020,57,,
35.84956,139.63266,保育園いつもいっしょ,埼玉県さいたま市桜区田島4-9-8,桜区,認可外保育,048-740-7202,12,,
35.858166,139.620728,むうみんさくら保育園,埼玉県さいたま市桜区町谷3-9-7,桜区,認可外保育,048-789-6151,50,,
35.863857,139.623322,中島保育園,埼玉県さいたま市桜区中島3-3-3,桜区,認可外保育,048-762-3090,12,,
35.873203,139.607147,もりなか保育園,埼玉県さいたま市桜区神田236-1,桜区,認可外保育,048-628-4545,10,,
35.849243,139.657974,かまち保育室,埼玉県さいたま市浦和区神明2-23-4,浦和区,認可外保育,048-822-1052,10,,
35.871296,139.644363,ナーサリールーム森のおうち,埼玉県さいたま市浦和区常盤9-31-17 2階,浦和区,認可外保育,048-832-6540,35,,
35.854584,139.666824,都市型保育園ポポラー埼玉南浦和園,埼玉県さいたま市浦和区前地1-16-8 プラウドシティ浦和センターハウス内,浦和区,認可外保育,048-811-4040,31,,
35.857357,139.658813,Ohana浦和駅前保育園,埼玉県さいたま市浦和区東高砂町3-3 1階,浦和区,認可外保育,048-749-1608,17,,
35.869659,139.649277,彩の調こども園北浦和校,埼玉県さいたま市浦和区常盤3-23-7 大黒屋レヂデンスⅡ１０２,浦和区,認可外保育,048-717-8884,26,,
35.861946,139.664429,みらいステップ浦和園,埼玉県さいたま市浦和区本太1-9-5 日清マンション102号室,浦和区,認可外保育,048-813-0011,19,,
35.879021,139.666077,保育所ちびっこランド瀬ヶ崎園,埼玉県さいたま市浦和区瀬ヶ崎3-9-12 ESビル1階,浦和区,認可外保育,048-816-3814,28,,
35.869831,139.645844,りとるうぃず北浦和駅前保育園,埼玉県さいたま市浦和区常盤9-12-4,浦和区,認可外保育,048-816-3681,41,,
35.864342,139.662201,浦和母の会みんなの家,埼玉県さいたま市浦和区本太1-24-8,浦和区,認可外保育,048-816-5529,12,,
35.860062,139.652023,アルページュ保育園浦和,埼玉県さいたま市浦和区仲町2-11-12 1階,浦和区,認可外保育,048-767-8675,12,,
35.883163,139.655106,つぼみ保育園,埼玉県さいたま市浦和区領家4-25-3,浦和区,認可外保育,048-628-2115,12,,
35.884354,139.639572,ニチイキッズ与野駅前保育園,埼玉県さいたま市浦和区上木崎1-2-5 東栄アネックス1F,浦和区,認可外保育,048-825-1125,19,,
35.880463,139.642166,りとるうぃず針ヶ谷保育園,埼玉県さいたま市浦和区針ヶ谷1-4-12,浦和区,認可外保育,048-789-7255,19,,
35.856602,139.654831,みらいステップ浦和駅前園,埼玉県さいたま市浦和区岸町4-26-23 1階,浦和区,認可外保育,048-825-8580,19,,
35.882656,139.643753,キッズカサイ,埼玉県さいたま市浦和区針ヶ谷2-14-3,浦和区,認可外保育,048-833-7775,12,,
35.883484,139.638428,保育ルームKanon waltz,埼玉県さいたま市浦和区上木崎1-9-1 YNビル201,浦和区,認可外保育,080-5944-3322,25,,
35.857616,139.652802,保育園オレンジプラネット,埼玉県さいたま市浦和区高砂2-4-6 市民文化センタービル2階,浦和区,認可外保育,048-826-5659,64,,
35.853928,139.654922,Saitama English Academy,埼玉県さいたま市浦和区岸町6-1-2 2階,浦和区,認可外保育,048-714-0234,45,,
35.856964,139.657883,International Preschool Blue Dolphins浦和校,埼玉県さいたま市浦和区高砂1-2-1 エイペックスタワー2-209,浦和区,認可外保育,048-833-1149,28,,
35.868534,139.64743,Nursery Room はっぴぃきゃすけっと,埼玉県さいたま市浦和区常盤9-9-1オールトキワビル２階,浦和区,認可外保育,080-4733-8963,19,,
35.875294,139.649368,アメリカンプリスクール サイタマ,埼玉県さいたま市浦和区北浦和1-19-10,浦和区,認可外保育,048-884-5608,18,,
35.865685,139.646164,みなもと幼保園,埼玉県さいたま市浦和区常盤7-3-18 サニーコートトキワ1F,浦和区,認可外保育,048-606-3720,50,,
35.843414,139.658875,あんふぁん保育室,埼玉県さいたま市南区根岸4-17-9,南区,認可外保育,048-844-3011,7,,
35.851147,139.690872,ナーサリールームほりい保育園,埼玉県さいたま市南区円正寺59-3,南区,認可外保育,048-887-3796,68,,
35.847828,139.671906,小鳩ナーサリースクール,埼玉県さいたま市南区南浦和2-42-18,南区,認可外保育,048-887-2956,81,,
35.847149,139.667038,あい保育園アネックス,埼玉県さいたま市南区南本町2-11-2 リトルレイク南浦和１階,南区,認可外保育,048-706-4191,53,,
35.845612,139.666733,彩の調こども園,埼玉県さいたま市南区南本町1-14-8 エスポワール南浦和102,南区,認可外保育,048-877-5363,46,,
35.847355,139.63533,保育ルームぽけっと,埼玉県さいたま市南区鹿手袋7-10-14,南区,認可外保育,048-837-3561,18,,
35.829372,139.66098,みらいステップさいたま辻園,埼玉県さいたま市南区辻8-24-10 ガーデンシティ北戸田2階,南区,認可外保育,048-767-3457,19,,
35.841007,139.645645,都市型保育園ポポラー埼玉武蔵浦和園,埼玉県さいたま市南区沼影2-6-19,南区,認可外保育,048-816-4404,45,,
35.848568,139.66864,きっずあいらんど,埼玉県さいたま市南区南浦和2-24-19,南区,認可外保育,048-753-9948,18,,
35.851627,139.642548,埼玉ヤクルト保育園 別所もぐもぐ保育ルーム,埼玉県さいたま市南区別所2-37-17,南区,認可外保育,080-4143-8163,30,,
35.85487,139.644608,ココス・キッズワールド英語保育室,埼玉県さいたま市南区別所3-18-25 MSビル1階,南区,認可外保育,048-844-6070,18,,
35.84586,139.645828,ＩＣＥモンテッソーリこどものいえ武蔵浦和,埼玉県さいたま市南区別所7-21-1 プラウドタワーマークス武蔵浦和207,南区,認可外保育,050-1790-0513,20,,
35.854988,139.645157,ココス・キッズワールドEnglish CCC,埼玉県さいたま市南区別所3-17-24 岡安ビル2階,南区,認可外保育,048-767-4333,45,,
35.847374,139.646637,グリーンベアインターナショナル,埼玉県さいたま市南区別所6-5-1,南区,認可外保育,048-844-6363,156,,
35.845863,139.667114,ズー・フォニックス・アカデミー南浦和校,埼玉県さいたま市南区南本町1-14-5 第3小池ビル3階,南区,認可外保育,048-710-5171,35,,
35.844528,139.649307,Kids Duo International 武蔵浦和,埼玉県さいたま市南区白幡5-3-21,南区,認可外保育,048-861-0007,432,,
35.854294,139.691254,あおぞら保育園,埼玉県さいたま市南区大谷口5702,南区,認可外保育,048-711-4700,6,,
35.852314,139.643387,たんぽぽのおうち,埼玉県さいたま市南区別所3-35-8,南区,認可外保育,090-3007-6483,3,,
35.861595,139.677139,にこらんど,埼玉県さいたま市南区大谷口1085-11,南区,認可外保育,090-6927-7935,8,,
35.863644,139.7052,インフィニティ保育園東浦和園,埼玉県さいたま市緑区東浦和1-14-7,緑区,認可外保育,048-753-9411,19,,
35.862206,139.696594,のびっこ保育園,埼玉県さいたま市緑区東浦和2-65-2 2階,緑区,認可外保育,048-873-4524,36,,
35.868923,139.70462,ぴよぴよ保育園,埼玉県さいたま市緑区東浦和5-18-3,緑区,認可外保育,048-876-1000,24,,
35.864899,139.673019,うらわの森保育園genius,埼玉県さいたま市緑区太田窪3-3-5,緑区,認可外保育,048-708-2622,12,,
35.889812,139.665237,コスモス保育園 浦和けやき園,埼玉県さいたま市緑区山崎1-10-20,緑区,認可外保育,048-711-1527,15,,
35.885979,139.671051,Karugamo English School 三室校,埼玉県さいたま市緑区三室987-7,緑区,認可外保育,048-873-8558,80,,
35.888969,139.730484,たけうち保育室,埼玉県さいたま市緑区大門2755-28,緑区,認可外保育,048-878-3433,7,,
35.871113,139.684143,いちょう保育園,埼玉県さいたま市緑区さいたま市緑区道祖土2-16-11 グレイスビル102号室,緑区,認可外保育,048-789-6455,10,,
35.87175,139.70726,ポミエ保育園,埼玉県さいたま市緑区東浦和6-11-3 鷲崎ハイツ105,緑区,認可外保育,070-9059-1737,3,,
35.881989,139.671265,Sho`s Mama 一時預かり保育室,埼玉県さいたま市緑区三室1200-1,緑区,認可外保育,070-6482-5324,8,,
35.89838,139.735229,春風保育園,埼玉県さいたま市岩槻区美園東1-8-1 ルメート101号,岩槻区,認可外保育,048-797-7570,17,,
35.94471,139.736984,岩槻バンビ保育園,埼玉県さいたま市岩槻区増長112,岩槻区,認可外保育,048-799-1150,64,,
35.96526,139.711349,Blooming International School,埼玉県さいたま市岩槻区東岩槻1-8-1 笹屋ビルⅡ,岩槻区,認可外保育,048-796-3722,30,,
